condition,detector,test,against,size_mult,auc,ci_low,ci_high,n_pos,n_neg
calm-trained,Rule,spoof_calm,normal,1,0.5250744047619048,0.4619038318452381,0.5829668898809524,80,1680
calm-trained,Rule,layer_calm,normal,1,0.452390873015873,0.38551872519841274,0.5265003720238094,60,1680
calm-trained,Rule,spoof_volatile,normal,1,0.5618266369047619,0.4952027529761905,0.6300804501488095,80,1680
calm-trained,Rule,spoof_calm,genuine,1,0.566875,0.45061979166666666,0.6827708333333333,80,30
calm-trained,Rule,layer_calm,genuine,1,0.48194444444444445,0.3533263888888889,0.5950138888888888,60,30
calm-trained,Rule,spoof_calm,normal,2,0.5106547619047619,0.4441909412202381,0.5775659412202381,80,1680
calm-trained,Rule,layer_calm,normal,2,0.49060515873015875,0.431156001984127,0.5617917906746032,60,1680
calm-trained,Rule,spoof_volatile,normal,2,0.4372284226190476,0.37551116071428575,0.4985358072916666,80,1680
calm-trained,Rule,spoof_calm,genuine,2,0.535625,0.4189010416666667,0.6541979166666666,80,30
calm-trained,Rule,layer_calm,genuine,2,0.5138888888888888,0.37797916666666664,0.6414097222222223,60,30
calm-trained,Rule,spoof_calm,normal,4,0.6807440476190476,0.6435524553571428,0.71477734375,80,1680
calm-trained,Rule,layer_calm,normal,4,0.48928571428571427,0.4155605158730159,0.563103298611111,60,1680
calm-trained,Rule,spoof_volatile,normal,4,0.706748511904762,0.6684277343749999,0.7424513578869048,80,1680
calm-trained,Rule,spoof_calm,genuine,4,0.70625,0.5739375,0.8366770833333333,80,30
calm-trained,Rule,layer_calm,genuine,4,0.5019444444444444,0.38525,0.61225,60,30
calm-trained,Rule,spoof_calm,normal,8,0.9961941964285714,0.9933843936011905,0.998498790922619,80,1680
calm-trained,Rule,layer_calm,normal,8,0.46673611111111113,0.399515128968254,0.5393113839285715,60,1680
calm-trained,Rule,spoof_volatile,normal,8,0.9887872023809524,0.9833407738095238,0.993594215029762,80,1680
calm-trained,Rule,spoof_calm,genuine,8,0.9991666666666666,0.9966666666666667,1.0,80,30
calm-trained,Rule,layer_calm,genuine,8,0.505,0.3804652777777778,0.6240277777777777,60,30
calm-trained,Rule,spoof_calm,normal,16,1.0,1.0,1.0,80,1680
calm-trained,Rule,layer_calm,normal,16,0.7087698412698412,0.6728560267857143,0.7449822668650793,60,1680
calm-trained,Rule,spoof_volatile,normal,16,1.0,1.0,1.0,80,1680
calm-trained,Rule,spoof_calm,genuine,16,1.0,1.0,1.0,80,30
calm-trained,Rule,layer_calm,genuine,16,0.8452777777777778,0.7456944444444445,0.9369791666666667,60,30
calm-trained,PCA (generic),spoof_calm,normal,1,0.4996130952380952,0.43683761160714285,0.5608720238095237,80,1680
calm-trained,PCA (generic),layer_calm,normal,1,0.5117559523809524,0.4406525297619048,0.5843246527777778,60,1680
calm-trained,PCA (generic),spoof_volatile,normal,1,0.48840029761904763,0.4218740699404762,0.5588299851190476,80,1680
calm-trained,PCA (generic),spoof_calm,genuine,1,0.4925,0.3866354166666667,0.5979583333333333,80,30
calm-trained,PCA (generic),layer_calm,genuine,1,0.5127777777777778,0.4010972222222222,0.6178472222222221,60,30
calm-trained,PCA (generic),spoof_calm,normal,2,0.4579836309523809,0.39379129464285717,0.5242686011904762,80,1680
calm-trained,PCA (generic),layer_calm,normal,2,0.4994345238095238,0.4271304563492063,0.5784308035714284,60,1680
calm-trained,PCA (generic),spoof_volatile,normal,2,0.4967857142857143,0.43981491815476187,0.5544525669642857,80,1680
calm-trained,PCA (generic),spoof_calm,genuine,2,0.47833333333333333,0.3666041666666667,0.5996979166666666,80,30
calm-trained,PCA (generic),layer_calm,genuine,2,0.5255555555555556,0.4171944444444444,0.6412499999999999,60,30
calm-trained,PCA (generic),spoof_calm,normal,4,0.5498288690476191,0.48316015625000003,0.6111783854166666,80,1680
calm-trained,PCA (generic),layer_calm,normal,4,0.41871031746031745,0.34544270833333335,0.5004821428571429,60,1680
calm-trained,PCA (generic),spoof_volatile,normal,4,0.5169047619047619,0.4479566592261905,0.5738322172619047,80,1680
calm-trained,PCA (generic),spoof_calm,genuine,4,0.6008333333333333,0.4736666666666667,0.73046875,80,30
calm-trained,PCA (generic),layer_calm,genuine,4,0.4627777777777778,0.3377638888888889,0.591125,60,30
calm-trained,PCA (generic),spoof_calm,normal,8,0.5919345238095238,0.5345838913690476,0.6472961309523809,80,1680
calm-trained,PCA (generic),layer_calm,normal,8,0.5050595238095238,0.4255634920634921,0.5824159226190476,60,1680
calm-trained,PCA (generic),spoof_volatile,normal,8,0.4949330357142857,0.4347425595238095,0.5507087053571428,80,1680
calm-trained,PCA (generic),spoof_calm,genuine,8,0.4970833333333333,0.3682916666666667,0.6458958333333333,80,30
calm-trained,PCA (generic),layer_calm,genuine,8,0.42944444444444446,0.3037916666666667,0.5600694444444444,60,30
calm-trained,PCA (generic),spoof_calm,normal,16,0.8537202380952381,0.820333519345238,0.8854066220238095,80,1680
calm-trained,PCA (generic),layer_calm,normal,16,0.7028472222222222,0.646108382936508,0.7580419146825397,60,1680
calm-trained,PCA (generic),spoof_volatile,normal,16,0.5522321428571428,0.49658370535714286,0.609540550595238,80,1680
calm-trained,PCA (generic),spoof_calm,genuine,16,0.44,0.3174895833333333,0.5679166666666666,80,30
calm-trained,PCA (generic),layer_calm,genuine,16,0.2644444444444444,0.1805138888888889,0.36840277777777775,60,30
calm-trained,PCA (informed),spoof_calm,normal,1,0.5135788690476191,0.4441674107142857,0.5712040550595237,80,1680
calm-trained,PCA (informed),layer_calm,normal,1,0.5148511904761904,0.44804414682539684,0.5785840773809524,60,1680
calm-trained,PCA (informed),spoof_volatile,normal,1,0.47708333333333336,0.41037890625,0.5422952008928571,80,1680
calm-trained,PCA (informed),spoof_calm,genuine,1,0.4945833333333333,0.36330208333333336,0.6297083333333333,80,30
calm-trained,PCA (informed),layer_calm,genuine,1,0.5022222222222222,0.36431944444444453,0.6206666666666666,60,30
calm-trained,PCA (informed),spoof_calm,normal,2,0.4922247023809524,0.42405319940476194,0.556247581845238,80,1680
calm-trained,PCA (informed),layer_calm,normal,2,0.5576190476190476,0.4988561507936508,0.6251959325396823,60,1680
calm-trained,PCA (informed),spoof_volatile,normal,2,0.44409970238095237,0.3838043154761905,0.5049252232142858,80,1680
calm-trained,PCA (informed),spoof_calm,genuine,2,0.49125,0.3770625,0.5993645833333331,80,30
calm-trained,PCA (informed),layer_calm,genuine,2,0.5644444444444444,0.4443194444444445,0.6778194444444444,60,30
calm-trained,PCA (informed),spoof_calm,normal,4,0.5368452380952381,0.4730011160714286,0.5997107514880952,80,1680
calm-trained,PCA (informed),layer_calm,normal,4,0.5749801587301587,0.5023253968253968,0.6548112599206349,60,1680
calm-trained,PCA (informed),spoof_volatile,normal,4,0.5194717261904762,0.45774460565476194,0.5780172991071428,80,1680
calm-trained,PCA (informed),spoof_calm,genuine,4,0.5416666666666666,0.42343750000000013,0.6609583333333333,80,30
calm-trained,PCA (informed),layer_calm,genuine,4,0.5716666666666667,0.45159722222222226,0.6894722222222222,60,30
calm-trained,PCA (informed),spoof_calm,normal,8,0.8358407738095238,0.7969479166666666,0.8734032738095238,80,1680
calm-trained,PCA (informed),layer_calm,normal,8,0.5766170634920635,0.5052157738095238,0.6408152281746031,60,1680
calm-trained,PCA (informed),spoof_volatile,normal,8,0.5818452380952381,0.5329720982142857,0.6369707961309524,80,1680
calm-trained,PCA (informed),spoof_calm,genuine,8,0.6354166666666666,0.49790625,0.7545937500000001,80,30
calm-trained,PCA (informed),layer_calm,genuine,8,0.3461111111111111,0.2421527777777778,0.4667777777777777,60,30
calm-trained,PCA (informed),spoof_calm,normal,16,0.9864583333333333,0.9810924479166666,0.9907293526785714,80,1680
calm-trained,PCA (informed),layer_calm,normal,16,0.6000992063492063,0.5166641865079366,0.6678353174603174,60,1680
calm-trained,PCA (informed),spoof_volatile,normal,16,0.7649404761904762,0.7375489211309524,0.7919423363095238,80,1680
calm-trained,PCA (informed),spoof_calm,genuine,16,0.475,0.34821875,0.6166979166666666,80,30
calm-trained,PCA (informed),layer_calm,genuine,16,0.04888888888888889,0.012208333333333338,0.10504166666666663,60,30
calm-trained,IForest (generic),spoof_calm,normal,1,0.4946279761904762,0.4349058779761905,0.5559412202380952,80,1680
calm-trained,IForest (generic),layer_calm,normal,1,0.522609126984127,0.4578787202380953,0.597923115079365,60,1680
calm-trained,IForest (generic),spoof_volatile,normal,1,0.5311383928571428,0.4736417410714286,0.589919456845238,80,1680
calm-trained,IForest (generic),spoof_calm,genuine,1,0.5758333333333333,0.4473958333333334,0.6934270833333332,80,30
calm-trained,IForest (generic),layer_calm,genuine,1,0.6016666666666667,0.48987500000000006,0.7312083333333332,60,30
calm-trained,IForest (generic),spoof_calm,normal,2,0.4719196428571429,0.4060652901785714,0.5397330729166666,80,1680
calm-trained,IForest (generic),layer_calm,normal,2,0.5822321428571429,0.5116681547619047,0.6555250496031745,60,1680
calm-trained,IForest (generic),spoof_volatile,normal,2,0.4730431547619048,0.4151129092261905,0.5282555803571429,80,1680
calm-trained,IForest (generic),spoof_calm,genuine,2,0.5216666666666666,0.41115625000000006,0.6291666666666667,80,30
calm-trained,IForest (generic),layer_calm,genuine,2,0.6316666666666667,0.5116527777777778,0.7550972222222221,60,30
calm-trained,IForest (generic),spoof_calm,normal,4,0.5708407738095238,0.5135448288690476,0.6220057663690476,80,1680
calm-trained,IForest (generic),layer_calm,normal,4,0.49541666666666667,0.4135267857142857,0.5741922123015872,60,1680
calm-trained,IForest (generic),spoof_volatile,normal,4,0.5424851190476191,0.47666145833333334,0.603495349702381,80,1680
calm-trained,IForest (generic),spoof_calm,genuine,4,0.43666666666666665,0.32369791666666664,0.5585937499999998,80,30
calm-trained,IForest (generic),layer_calm,genuine,4,0.36777777777777776,0.26055555555555554,0.4840555555555554,60,30
calm-trained,IForest (generic),spoof_calm,normal,8,0.6284226190476191,0.5669481026785714,0.6836783854166666,80,1680
calm-trained,IForest (generic),layer_calm,normal,8,0.6070833333333333,0.5312167658730159,0.6774246031746032,60,1680
calm-trained,IForest (generic),spoof_volatile,normal,8,0.48037946428571426,0.411921130952381,0.5447966889880952,80,1680
calm-trained,IForest (generic),spoof_calm,genuine,8,0.4270833333333333,0.3124791666666667,0.5446041666666667,80,30
calm-trained,IForest (generic),layer_calm,genuine,8,0.39611111111111114,0.2788888888888889,0.5161388888888888,60,30
calm-trained,IForest (generic),spoof_calm,normal,16,0.6483482142857143,0.5954748883928572,0.7000758928571428,80,1680
calm-trained,IForest (generic),layer_calm,normal,16,0.8124900793650793,0.7626587301587302,0.8570691964285714,60,1680
calm-trained,IForest (generic),spoof_volatile,normal,16,0.579672619047619,0.5283673735119048,0.6390022321428571,80,1680
calm-trained,IForest (generic),spoof_calm,genuine,16,0.3154166666666667,0.21434375000000006,0.4317291666666666,80,30
calm-trained,IForest (generic),layer_calm,genuine,16,0.5261111111111111,0.39150000000000007,0.6678472222222221,60,30
calm-trained,IForest (informed),spoof_calm,normal,1,0.510453869047619,0.4481363467261905,0.5688470982142857,80,1680
calm-trained,IForest (informed),layer_calm,normal,1,0.5147519841269841,0.45326190476190475,0.5908777281746032,60,1680
calm-trained,IForest (informed),spoof_volatile,normal,1,0.5276636904761904,0.4661043526785715,0.5996322544642857,80,1680
calm-trained,IForest (informed),spoof_calm,genuine,1,0.59125,0.45829166666666665,0.7275416666666666,80,30
calm-trained,IForest (informed),layer_calm,genuine,1,0.6027777777777777,0.47583333333333344,0.7267083333333333,60,30
calm-trained,IForest (informed),spoof_calm,normal,2,0.44703125,0.37999311755952386,0.5103456101190476,80,1680
calm-trained,IForest (informed),layer_calm,normal,2,0.5439384920634921,0.47109548611111113,0.6191932043650794,60,1680
calm-trained,IForest (informed),spoof_volatile,normal,2,0.49854166666666666,0.44836532738095236,0.5560120907738094,80,1680
calm-trained,IForest (informed),spoof_calm,genuine,2,0.46041666666666664,0.35406250000000006,0.5730104166666665,80,30
calm-trained,IForest (informed),layer_calm,genuine,2,0.5644444444444444,0.44277777777777777,0.6984027777777777,60,30
calm-trained,IForest (informed),spoof_calm,normal,4,0.540453869047619,0.4830345982142858,0.5988712797619047,80,1680
calm-trained,IForest (informed),layer_calm,normal,4,0.4616369047619048,0.39759895833333336,0.5289915674603175,60,1680
calm-trained,IForest (informed),spoof_volatile,normal,4,0.5294047619047619,0.4596767113095238,0.5953463541666667,80,1680
calm-trained,IForest (informed),spoof_calm,genuine,4,0.48833333333333334,0.36331250000000004,0.6302499999999998,80,30
calm-trained,IForest (informed),layer_calm,genuine,4,0.40555555555555556,0.2810972222222222,0.5439027777777777,60,30
calm-trained,IForest (informed),spoof_calm,normal,8,0.6836607142857143,0.6354590773809524,0.7335887276785714,80,1680
calm-trained,IForest (informed),layer_calm,normal,8,0.5528472222222223,0.48087698412698415,0.6148648313492063,60,1680
calm-trained,IForest (informed),spoof_volatile,normal,8,0.5313095238095238,0.4716713169642857,0.5924856770833333,80,1680
calm-trained,IForest (informed),spoof_calm,genuine,8,0.49416666666666664,0.3644583333333334,0.6429583333333333,80,30
calm-trained,IForest (informed),layer_calm,genuine,8,0.35833333333333334,0.24384722222222222,0.4785694444444442,60,30
calm-trained,IForest (informed),spoof_calm,normal,16,0.7426785714285714,0.6972587425595238,0.7863623511904763,80,1680
calm-trained,IForest (informed),layer_calm,normal,16,0.7772222222222223,0.7311937003968254,0.818313740079365,60,1680
calm-trained,IForest (informed),spoof_volatile,normal,16,0.6071279761904762,0.5511716889880952,0.6630078125000001,80,1680
calm-trained,IForest (informed),spoof_calm,genuine,16,0.35291666666666666,0.24208333333333334,0.47173958333333327,80,30
calm-trained,IForest (informed),layer_calm,genuine,16,0.39222222222222225,0.2776805555555556,0.5144722222222222,60,30
calm-trained,Seq-PCA (generic),spoof_calm,normal,1,0.4790625,0.4163424479166667,0.5387797619047618,80,1680
calm-trained,Seq-PCA (generic),layer_calm,normal,1,0.5323710317460317,0.4603353174603175,0.5973554067460318,60,1680
calm-trained,Seq-PCA (generic),spoof_volatile,normal,1,0.49910714285714286,0.43816815476190474,0.5589577752976189,80,1680
calm-trained,Seq-PCA (generic),spoof_calm,genuine,1,0.5354166666666667,0.4270625,0.6608437500000001,80,30
calm-trained,Seq-PCA (generic),layer_calm,genuine,1,0.5888888888888889,0.47322222222222227,0.7094999999999999,60,30
calm-trained,Seq-PCA (generic),spoof_calm,normal,2,0.4939806547619048,0.42297135416666665,0.5563643973214285,80,1680
calm-trained,Seq-PCA (generic),layer_calm,normal,2,0.5294047619047619,0.45838640873015873,0.6008062996031746,60,1680
calm-trained,Seq-PCA (generic),spoof_volatile,normal,2,0.5314657738095238,0.47642410714285716,0.5881253720238094,80,1680
calm-trained,Seq-PCA (generic),spoof_calm,genuine,2,0.47708333333333336,0.36582291666666666,0.6062916666666666,80,30
calm-trained,Seq-PCA (generic),layer_calm,genuine,2,0.5061111111111111,0.40536111111111117,0.628361111111111,60,30
calm-trained,Seq-PCA (generic),spoof_calm,normal,4,0.5253794642857142,0.4648647693452381,0.5852520461309524,80,1680
calm-trained,Seq-PCA (generic),layer_calm,normal,4,0.4492857142857143,0.37770163690476194,0.5330374503968254,60,1680
calm-trained,Seq-PCA (generic),spoof_volatile,normal,4,0.47910714285714284,0.4086822916666667,0.5396023065476191,80,1680
calm-trained,Seq-PCA (generic),spoof_calm,genuine,4,0.5079166666666667,0.37330208333333337,0.6325312499999999,80,30
calm-trained,Seq-PCA (generic),layer_calm,genuine,4,0.455,0.2931111111111112,0.5851388888888888,60,30
calm-trained,Seq-PCA (generic),spoof_calm,normal,8,0.5920610119047619,0.5333208705357143,0.6483100818452381,80,1680
calm-trained,Seq-PCA (generic),layer_calm,normal,8,0.49993055555555554,0.41835019841269844,0.57990873015873,60,1680
calm-trained,Seq-PCA (generic),spoof_volatile,normal,8,0.5034002976190476,0.4402496279761905,0.5631073288690476,80,1680
calm-trained,Seq-PCA (generic),spoof_calm,genuine,8,0.43166666666666664,0.3140416666666667,0.5463333333333332,80,30
calm-trained,Seq-PCA (generic),layer_calm,genuine,8,0.3522222222222222,0.23830555555555558,0.47840277777777773,60,30
calm-trained,Seq-PCA (generic),spoof_calm,normal,16,0.7408854166666666,0.6830003720238096,0.7948770461309523,80,1680
calm-trained,Seq-PCA (generic),layer_calm,normal,16,0.7188095238095238,0.6474947916666667,0.7778851686507936,60,1680
calm-trained,Seq-PCA (generic),spoof_volatile,normal,16,0.5671800595238096,0.513859375,0.6219588913690476,80,1680
calm-trained,Seq-PCA (generic),spoof_calm,genuine,16,0.3125,0.21455208333333334,0.42251041666666667,80,30
calm-trained,Seq-PCA (generic),layer_calm,genuine,16,0.2722222222222222,0.18219444444444446,0.39166666666666666,60,30
calm-trained,LSTM-AE (generic),spoof_calm,normal,1,0.47454613095238096,0.4204453125,0.5287868303571428,80,1680
calm-trained,LSTM-AE (generic),layer_calm,normal,1,0.542797619047619,0.47476537698412696,0.6201639384920634,60,1680
calm-trained,LSTM-AE (generic),spoof_volatile,normal,1,0.5026264880952381,0.44775911458333334,0.5612483258928571,80,1680
calm-trained,LSTM-AE (generic),spoof_calm,genuine,1,0.4895833333333333,0.3728854166666667,0.6154583333333332,80,30
calm-trained,LSTM-AE (generic),layer_calm,genuine,1,0.5633333333333334,0.4411111111111111,0.6967222222222221,60,30
calm-trained,LSTM-AE (generic),spoof_calm,normal,2,0.460625,0.4036635044642857,0.5218571428571428,80,1680
calm-trained,LSTM-AE (generic),layer_calm,normal,2,0.5800198412698413,0.508217013888889,0.649906001984127,60,1680
calm-trained,LSTM-AE (generic),spoof_volatile,normal,2,0.511078869047619,0.45057477678571434,0.5713446800595238,80,1680
calm-trained,LSTM-AE (generic),spoof_calm,genuine,2,0.44208333333333333,0.32790625,0.5637916666666666,80,30
calm-trained,LSTM-AE (generic),layer_calm,genuine,2,0.5566666666666666,0.42050000000000004,0.6967638888888887,60,30
calm-trained,LSTM-AE (generic),spoof_calm,normal,4,0.555952380952381,0.49278738839285713,0.6157044270833333,80,1680
calm-trained,LSTM-AE (generic),layer_calm,normal,4,0.5582242063492063,0.4858911210317461,0.6294652777777777,60,1680
calm-trained,LSTM-AE (generic),spoof_volatile,normal,4,0.5255133928571428,0.46396019345238093,0.5794149925595238,80,1680
calm-trained,LSTM-AE (generic),spoof_calm,genuine,4,0.47333333333333333,0.33206250000000004,0.6029270833333333,80,30
calm-trained,LSTM-AE (generic),layer_calm,genuine,4,0.4772222222222222,0.33772222222222226,0.6150416666666666,60,30
calm-trained,LSTM-AE (generic),spoof_calm,normal,8,0.60703125,0.5471871279761905,0.6694259672619047,80,1680
calm-trained,LSTM-AE (generic),layer_calm,normal,8,0.5534623015873016,0.4841056547619048,0.6242061011904761,60,1680
calm-trained,LSTM-AE (generic),spoof_volatile,normal,8,0.5482291666666667,0.4881255580357143,0.6108800223214286,80,1680
calm-trained,LSTM-AE (generic),spoof_calm,genuine,8,0.4075,0.29328125,0.5222291666666665,80,30
calm-trained,LSTM-AE (generic),layer_calm,genuine,8,0.3472222222222222,0.23105555555555557,0.46448611111111104,60,30
calm-trained,LSTM-AE (generic),spoof_calm,normal,16,0.7093452380952381,0.6558709077380953,0.7568026413690476,80,1680
calm-trained,LSTM-AE (generic),layer_calm,normal,16,0.8237400793650793,0.7721822916666667,0.8731589781746032,60,1680
calm-trained,LSTM-AE (generic),spoof_volatile,normal,16,0.6034895833333334,0.5547697172619047,0.6554510788690475,80,1680
calm-trained,LSTM-AE (generic),spoof_calm,genuine,16,0.13875,0.06950000000000002,0.21629166666666663,80,30
calm-trained,LSTM-AE (generic),layer_calm,genuine,16,0.25722222222222224,0.16384722222222223,0.3645416666666666,60,30
mixed-trained,Rule,spoof_calm,normal,1,0.5250744047619048,0.4619038318452381,0.5829668898809524,80,1680
mixed-trained,Rule,layer_calm,normal,1,0.452390873015873,0.38551872519841274,0.5265003720238094,60,1680
mixed-trained,Rule,spoof_volatile,normal,1,0.5618266369047619,0.4952027529761905,0.6300804501488095,80,1680
mixed-trained,Rule,spoof_calm,genuine,1,0.566875,0.45061979166666666,0.6827708333333333,80,30
mixed-trained,Rule,layer_calm,genuine,1,0.48194444444444445,0.3533263888888889,0.5950138888888888,60,30
mixed-trained,Rule,spoof_calm,normal,2,0.5106547619047619,0.4441909412202381,0.5775659412202381,80,1680
mixed-trained,Rule,layer_calm,normal,2,0.49060515873015875,0.431156001984127,0.5617917906746032,60,1680
mixed-trained,Rule,spoof_volatile,normal,2,0.4372284226190476,0.37551116071428575,0.4985358072916666,80,1680
mixed-trained,Rule,spoof_calm,genuine,2,0.535625,0.4189010416666667,0.6541979166666666,80,30
mixed-trained,Rule,layer_calm,genuine,2,0.5138888888888888,0.37797916666666664,0.6414097222222223,60,30
mixed-trained,Rule,spoof_calm,normal,4,0.6807440476190476,0.6435524553571428,0.71477734375,80,1680
mixed-trained,Rule,layer_calm,normal,4,0.48928571428571427,0.4155605158730159,0.563103298611111,60,1680
mixed-trained,Rule,spoof_volatile,normal,4,0.706748511904762,0.6684277343749999,0.7424513578869048,80,1680
mixed-trained,Rule,spoof_calm,genuine,4,0.70625,0.5739375,0.8366770833333333,80,30
mixed-trained,Rule,layer_calm,genuine,4,0.5019444444444444,0.38525,0.61225,60,30
mixed-trained,Rule,spoof_calm,normal,8,0.9961941964285714,0.9933843936011905,0.998498790922619,80,1680
mixed-trained,Rule,layer_calm,normal,8,0.46673611111111113,0.399515128968254,0.5393113839285715,60,1680
mixed-trained,Rule,spoof_volatile,normal,8,0.9887872023809524,0.9833407738095238,0.993594215029762,80,1680
mixed-trained,Rule,spoof_calm,genuine,8,0.9991666666666666,0.9966666666666667,1.0,80,30
mixed-trained,Rule,layer_calm,genuine,8,0.505,0.3804652777777778,0.6240277777777777,60,30
mixed-trained,Rule,spoof_calm,normal,16,1.0,1.0,1.0,80,1680
mixed-trained,Rule,layer_calm,normal,16,0.7087698412698412,0.6728560267857143,0.7449822668650793,60,1680
mixed-trained,Rule,spoof_volatile,normal,16,1.0,1.0,1.0,80,1680
mixed-trained,Rule,spoof_calm,genuine,16,1.0,1.0,1.0,80,30
mixed-trained,Rule,layer_calm,genuine,16,0.8452777777777778,0.7456944444444445,0.9369791666666667,60,30
mixed-trained,PCA (generic),spoof_calm,normal,1,0.4734970238095238,0.4079890252976191,0.5324549851190477,80,1680
mixed-trained,PCA (generic),layer_calm,normal,1,0.5375396825396825,0.4742390873015873,0.6030411706349206,60,1680
mixed-trained,PCA (generic),spoof_volatile,normal,1,0.4608630952380952,0.4020277157738096,0.518763206845238,80,1680
mixed-trained,PCA (generic),spoof_calm,genuine,1,0.4220833333333333,0.2969791666666667,0.5462604166666667,80,30
mixed-trained,PCA (generic),layer_calm,genuine,1,0.46444444444444444,0.3323333333333335,0.5945555555555555,60,30
mixed-trained,PCA (generic),spoof_calm,normal,2,0.44747767857142856,0.3828212425595238,0.5170987723214285,80,1680
mixed-trained,PCA (generic),layer_calm,normal,2,0.48794642857142856,0.4022423115079365,0.5661941964285714,60,1680
mixed-trained,PCA (generic),spoof_volatile,normal,2,0.49870535714285713,0.4265247395833333,0.5551852678571428,80,1680
mixed-trained,PCA (generic),spoof_calm,genuine,2,0.5191666666666667,0.41404166666666675,0.6320833333333333,80,30
mixed-trained,PCA (generic),layer_calm,genuine,2,0.5627777777777778,0.4532638888888889,0.6783333333333333,60,30
mixed-trained,PCA (generic),spoof_calm,normal,4,0.5265104166666666,0.4626553199404762,0.5872369791666666,80,1680
mixed-trained,PCA (generic),layer_calm,normal,4,0.4298214285714286,0.36163938492063497,0.5017338789682539,60,1680
mixed-trained,PCA (generic),spoof_volatile,normal,4,0.5119717261904762,0.45166183035714286,0.5696536458333333,80,1680
mixed-trained,PCA (generic),spoof_calm,genuine,4,0.4529166666666667,0.32828124999999997,0.5821041666666666,80,30
mixed-trained,PCA (generic),layer_calm,genuine,4,0.36666666666666664,0.2571666666666667,0.4768055555555554,60,30
mixed-trained,PCA (generic),spoof_calm,normal,8,0.605186011904762,0.5366099330357144,0.6665414806547618,80,1680
mixed-trained,PCA (generic),layer_calm,normal,8,0.49875992063492064,0.4226073908730159,0.5670739087301587,60,1680
mixed-trained,PCA (generic),spoof_volatile,normal,8,0.6256919642857143,0.5731690848214286,0.6882827380952381,80,1680
mixed-trained,PCA (generic),spoof_calm,genuine,8,0.3933333333333333,0.28040624999999997,0.5041666666666667,80,30
mixed-trained,PCA (generic),layer_calm,genuine,8,0.28444444444444444,0.1760972222222222,0.4044722222222222,60,30
mixed-trained,PCA (generic),spoof_calm,normal,16,0.8661979166666667,0.8316140252976191,0.906251488095238,80,1680
mixed-trained,PCA (generic),layer_calm,normal,16,0.6634821428571429,0.5919796626984126,0.7218893849206349,60,1680
mixed-trained,PCA (generic),spoof_volatile,normal,16,0.8409077380952381,0.8111601562499999,0.8672559523809524,80,1680
mixed-trained,PCA (generic),spoof_calm,genuine,16,0.37416666666666665,0.27065625000000004,0.5026458333333331,80,30
mixed-trained,PCA (generic),layer_calm,genuine,16,0.14166666666666666,0.06491666666666669,0.23172222222222216,60,30
mixed-trained,PCA (informed),spoof_calm,normal,1,0.5252380952380953,0.4534248511904762,0.5877217261904761,80,1680
mixed-trained,PCA (informed),layer_calm,normal,1,0.5137003968253968,0.4385292658730159,0.5759774305555555,60,1680
mixed-trained,PCA (informed),spoof_volatile,normal,1,0.44876488095238093,0.3861651785714286,0.5168558407738095,80,1680
mixed-trained,PCA (informed),spoof_calm,genuine,1,0.51375,0.40612500000000007,0.6338125,80,30
mixed-trained,PCA (informed),layer_calm,genuine,1,0.5072222222222222,0.3699722222222222,0.6511388888888888,60,30
mixed-trained,PCA (informed),spoof_calm,normal,2,0.4931845238095238,0.4276343005952381,0.5558917410714285,80,1680
mixed-trained,PCA (informed),layer_calm,normal,2,0.5423214285714286,0.47607564484126985,0.6226319444444444,60,1680
mixed-trained,PCA (informed),spoof_volatile,normal,2,0.46851190476190474,0.3979373139880953,0.5337916666666666,80,1680
mixed-trained,PCA (informed),spoof_calm,genuine,2,0.54375,0.42828125,0.6637916666666666,80,30
mixed-trained,PCA (informed),layer_calm,genuine,2,0.5894444444444444,0.4599722222222222,0.7117083333333333,60,30
mixed-trained,PCA (informed),spoof_calm,normal,4,0.5729836309523809,0.5136815476190477,0.6418526785714286,80,1680
mixed-trained,PCA (informed),layer_calm,normal,4,0.5074305555555556,0.438452628968254,0.5834032738095238,60,1680
mixed-trained,PCA (informed),spoof_volatile,normal,4,0.5360342261904761,0.4737204241071429,0.6029572172619048,80,1680
mixed-trained,PCA (informed),spoof_calm,genuine,4,0.45666666666666667,0.3324166666666667,0.5720104166666663,80,30
mixed-trained,PCA (informed),layer_calm,genuine,4,0.41333333333333333,0.2977638888888889,0.5255694444444444,60,30
mixed-trained,PCA (informed),spoof_calm,normal,8,0.7417113095238095,0.6859229910714285,0.7942408854166667,80,1680
mixed-trained,PCA (informed),layer_calm,normal,8,0.5315079365079365,0.4631468253968254,0.5938358134920635,60,1680
mixed-trained,PCA (informed),spoof_volatile,normal,8,0.5745461309523809,0.5135591517857143,0.6428709077380952,80,1680
mixed-trained,PCA (informed),spoof_calm,genuine,8,0.41875,0.2937291666666667,0.5467395833333333,80,30
mixed-trained,PCA (informed),layer_calm,genuine,8,0.21777777777777776,0.1264722222222223,0.33559722222222216,60,30
mixed-trained,PCA (informed),spoof_calm,normal,16,0.9336383928571429,0.9023772321428571,0.9605851934523809,80,1680
mixed-trained,PCA (informed),layer_calm,normal,16,0.5738194444444444,0.5115138888888889,0.633875,60,1680
mixed-trained,PCA (informed),spoof_volatile,normal,16,0.8400669642857143,0.8034864211309524,0.8764443824404762,80,1680
mixed-trained,PCA (informed),spoof_calm,genuine,16,0.31666666666666665,0.22832291666666668,0.42878125,80,30
mixed-trained,PCA (informed),layer_calm,genuine,16,0.007222222222222222,0.0,0.025555555555555557,60,30
mixed-trained,IForest (generic),spoof_calm,normal,1,0.5586235119047619,0.4886627604166667,0.6200178571428571,80,1680
mixed-trained,IForest (generic),layer_calm,normal,1,0.5323511904761905,0.4639174107142857,0.6039357638888888,60,1680
mixed-trained,IForest (generic),spoof_volatile,normal,1,0.49823660714285717,0.4407736235119048,0.562560825892857,80,1680
mixed-trained,IForest (generic),spoof_calm,genuine,1,0.6175,0.48620833333333335,0.7246666666666666,80,30
mixed-trained,IForest (generic),layer_calm,genuine,1,0.5872222222222222,0.46441666666666664,0.7072916666666665,60,30
mixed-trained,IForest (generic),spoof_calm,normal,2,0.47441964285714283,0.40680152529761904,0.5348595610119047,80,1680
mixed-trained,IForest (generic),layer_calm,normal,2,0.5362301587301588,0.4633988095238095,0.6055265376984126,60,1680
mixed-trained,IForest (generic),spoof_volatile,normal,2,0.4523214285714286,0.3983307291666667,0.5150132068452381,80,1680
mixed-trained,IForest (generic),spoof_calm,genuine,2,0.5033333333333333,0.37953125,0.6271354166666666,80,30
mixed-trained,IForest (generic),layer_calm,genuine,2,0.5583333333333333,0.4287222222222223,0.6900277777777777,60,30
mixed-trained,IForest (generic),spoof_calm,normal,4,0.5702678571428571,0.5093424479166667,0.6239094122023809,80,1680
mixed-trained,IForest (generic),layer_calm,normal,4,0.5333829365079366,0.46100793650793653,0.6170979662698413,60,1680
mixed-trained,IForest (generic),spoof_volatile,normal,4,0.5273214285714286,0.46095163690476193,0.5838813244047618,80,1680
mixed-trained,IForest (generic),spoof_calm,genuine,4,0.4504166666666667,0.3344791666666667,0.55546875,80,30
mixed-trained,IForest (generic),layer_calm,genuine,4,0.41444444444444445,0.29881944444444447,0.51725,60,30
mixed-trained,IForest (generic),spoof_calm,normal,8,0.680141369047619,0.62726953125,0.7321294642857143,80,1680
mixed-trained,IForest (generic),layer_calm,normal,8,0.625109126984127,0.5621113591269842,0.6834322916666666,60,1680
mixed-trained,IForest (generic),spoof_volatile,normal,8,0.48023065476190474,0.40664825148809525,0.5386343005952381,80,1680
mixed-trained,IForest (generic),spoof_calm,genuine,8,0.43125,0.3045833333333333,0.5562604166666667,80,30
mixed-trained,IForest (generic),layer_calm,genuine,8,0.3416666666666667,0.22436111111111115,0.47559722222222217,60,30
mixed-trained,IForest (generic),spoof_calm,normal,16,0.6864955357142857,0.6404706101190476,0.7333930431547618,80,1680
mixed-trained,IForest (generic),layer_calm,normal,16,0.8227083333333334,0.777983878968254,0.8650039682539682,60,1680
mixed-trained,IForest (generic),spoof_volatile,normal,16,0.5880729166666666,0.5361856398809524,0.6469468005952381,80,1680
mixed-trained,IForest (generic),spoof_calm,genuine,16,0.28583333333333333,0.18952083333333336,0.40358333333333307,80,30
mixed-trained,IForest (generic),layer_calm,genuine,16,0.5033333333333333,0.37647222222222226,0.6219027777777776,60,30
mixed-trained,IForest (informed),spoof_calm,normal,1,0.5570535714285715,0.49016722470238094,0.6174425223214285,80,1680
mixed-trained,IForest (informed),layer_calm,normal,1,0.5052678571428572,0.44533308531746035,0.5757946428571429,60,1680
mixed-trained,IForest (informed),spoof_volatile,normal,1,0.5276785714285714,0.4652211681547619,0.5833417038690476,80,1680
mixed-trained,IForest (informed),spoof_calm,genuine,1,0.61375,0.48492708333333334,0.7304583333333333,80,30
mixed-trained,IForest (informed),layer_calm,genuine,1,0.5583333333333333,0.42830555555555555,0.691736111111111,60,30
mixed-trained,IForest (informed),spoof_calm,normal,2,0.45645833333333335,0.39022340029761904,0.5161659226190476,80,1680
mixed-trained,IForest (informed),layer_calm,normal,2,0.5303373015873016,0.4577480158730159,0.6057812499999999,60,1680
mixed-trained,IForest (informed),spoof_volatile,normal,2,0.487046130952381,0.4350928199404762,0.5444525669642857,80,1680
mixed-trained,IForest (informed),spoof_calm,genuine,2,0.43916666666666665,0.32153125000000005,0.5621041666666667,80,30
mixed-trained,IForest (informed),layer_calm,genuine,2,0.5055555555555555,0.3705138888888889,0.6278333333333332,60,30
mixed-trained,IForest (informed),spoof_calm,normal,4,0.5891517857142857,0.5232896205357144,0.6428048735119046,80,1680
mixed-trained,IForest (informed),layer_calm,normal,4,0.5359226190476191,0.46072668650793647,0.6141870039682539,60,1680
mixed-trained,IForest (informed),spoof_volatile,normal,4,0.5350818452380952,0.4819190848214286,0.5918638392857143,80,1680
mixed-trained,IForest (informed),spoof_calm,genuine,4,0.5108333333333334,0.38290625,0.6358541666666667,80,30
mixed-trained,IForest (informed),layer_calm,genuine,4,0.47333333333333333,0.3488611111111111,0.5941944444444441,60,30
mixed-trained,IForest (informed),spoof_calm,normal,8,0.8184002976190476,0.7767810639880952,0.8581789434523809,80,1680
mixed-trained,IForest (informed),layer_calm,normal,8,0.6130753968253968,0.5453492063492064,0.6784050099206349,60,1680
mixed-trained,IForest (informed),spoof_volatile,normal,8,0.6211681547619048,0.5707899925595239,0.6707373511904762,80,1680
mixed-trained,IForest (informed),spoof_calm,genuine,8,0.6141666666666666,0.49457291666666664,0.7350416666666666,80,30
mixed-trained,IForest (informed),layer_calm,genuine,8,0.34,0.22883333333333336,0.4606527777777777,60,30
mixed-trained,IForest (informed),spoof_calm,normal,16,0.8920907738095238,0.8594425223214286,0.9181504836309524,80,1680
mixed-trained,IForest (informed),layer_calm,normal,16,0.8574206349206349,0.8209811507936507,0.8902140376984127,60,1680
mixed-trained,IForest (informed),spoof_volatile,normal,16,0.7302752976190476,0.6912473958333334,0.767512462797619,80,1680
mixed-trained,IForest (informed),spoof_calm,genuine,16,0.44208333333333333,0.32953125,0.5608645833333332,80,30
mixed-trained,IForest (informed),layer_calm,genuine,16,0.3638888888888889,0.24609722222222222,0.4833472222222222,60,30
mixed-trained,Seq-PCA (generic),spoof_calm,normal,1,0.49073660714285716,0.41800613839285716,0.5502384672619047,80,1680
mixed-trained,Seq-PCA (generic),layer_calm,normal,1,0.541875,0.4714489087301587,0.6083841765873016,60,1680
mixed-trained,Seq-PCA (generic),spoof_volatile,normal,1,0.5171428571428571,0.4555911458333334,0.5789776785714286,80,1680
mixed-trained,Seq-PCA (generic),spoof_calm,genuine,1,0.5079166666666667,0.396625,0.6217291666666667,80,30
mixed-trained,Seq-PCA (generic),layer_calm,genuine,1,0.5583333333333333,0.4537916666666667,0.6817916666666666,60,30
mixed-trained,Seq-PCA (generic),spoof_calm,normal,2,0.4622395833333333,0.39964471726190476,0.5223623511904762,80,1680
mixed-trained,Seq-PCA (generic),layer_calm,normal,2,0.5061210317460317,0.43173462301587306,0.581767361111111,60,1680
mixed-trained,Seq-PCA (generic),spoof_volatile,normal,2,0.5428050595238095,0.48238895089285716,0.606172619047619,80,1680
mixed-trained,Seq-PCA (generic),spoof_calm,genuine,2,0.45125,0.32571875,0.5846145833333333,80,30
mixed-trained,Seq-PCA (generic),layer_calm,genuine,2,0.48333333333333334,0.36,0.6000138888888888,60,30
mixed-trained,Seq-PCA (generic),spoof_calm,normal,4,0.5374032738095238,0.4728013392857143,0.5930957961309524,80,1680
mixed-trained,Seq-PCA (generic),layer_calm,normal,4,0.4336309523809524,0.3658871527777778,0.5084050099206349,60,1680
mixed-trained,Seq-PCA (generic),spoof_volatile,normal,4,0.474375,0.41435658482142856,0.5354030877976189,80,1680
mixed-trained,Seq-PCA (generic),spoof_calm,genuine,4,0.5225,0.37990625000000006,0.6383854166666666,80,30
mixed-trained,Seq-PCA (generic),layer_calm,genuine,4,0.43444444444444447,0.28088888888888897,0.576347222222222,60,30
mixed-trained,Seq-PCA (generic),spoof_calm,normal,8,0.5977232142857143,0.5269840029761904,0.6574834449404762,80,1680
mixed-trained,Seq-PCA (generic),layer_calm,normal,8,0.47638888888888886,0.3977123015873016,0.5497996031746031,60,1680
mixed-trained,Seq-PCA (generic),spoof_volatile,normal,8,0.559233630952381,0.5013725818452381,0.6181542038690476,80,1680
mixed-trained,Seq-PCA (generic),spoof_calm,genuine,8,0.4225,0.30541666666666667,0.5487708333333333,80,30
mixed-trained,Seq-PCA (generic),layer_calm,genuine,8,0.305,0.203875,0.4200555555555555,60,30
mixed-trained,Seq-PCA (generic),spoof_calm,normal,16,0.7842782738095239,0.7328454241071428,0.8334845610119047,80,1680
mixed-trained,Seq-PCA (generic),layer_calm,normal,16,0.7104960317460317,0.636983382936508,0.767171626984127,60,1680
mixed-trained,Seq-PCA (generic),spoof_volatile,normal,16,0.7376190476190476,0.6842477678571428,0.7810786830357143,80,1680
mixed-trained,Seq-PCA (generic),spoof_calm,genuine,16,0.31125,0.20825000000000005,0.4194895833333331,80,30
mixed-trained,Seq-PCA (generic),layer_calm,genuine,16,0.2361111111111111,0.13825000000000004,0.3417222222222222,60,30
mixed-trained,LSTM-AE (generic),spoof_calm,normal,1,0.5023511904761905,0.44408296130952385,0.5690189732142857,80,1680
mixed-trained,LSTM-AE (generic),layer_calm,normal,1,0.5376190476190477,0.46775024801587306,0.6180699404761905,60,1680
mixed-trained,LSTM-AE (generic),spoof_volatile,normal,1,0.5060714285714286,0.4424735863095238,0.5702808779761904,80,1680
mixed-trained,LSTM-AE (generic),spoof_calm,genuine,1,0.5141666666666667,0.40161458333333333,0.6312604166666667,80,30
mixed-trained,LSTM-AE (generic),layer_calm,genuine,1,0.5466666666666666,0.41944444444444445,0.6839027777777777,60,30
mixed-trained,LSTM-AE (generic),spoof_calm,normal,2,0.46879464285714284,0.40551078869047624,0.531875,80,1680
mixed-trained,LSTM-AE (generic),layer_calm,normal,2,0.5818353174603175,0.5048018353174604,0.6567157738095237,60,1680
mixed-trained,LSTM-AE (generic),spoof_volatile,normal,2,0.5059375,0.4418816964285714,0.5638348214285714,80,1680
mixed-trained,LSTM-AE (generic),spoof_calm,genuine,2,0.46125,0.33164583333333336,0.5783333333333334,80,30
mixed-trained,LSTM-AE (generic),layer_calm,genuine,2,0.5677777777777778,0.4477638888888889,0.7139027777777778,60,30
mixed-trained,LSTM-AE (generic),spoof_calm,normal,4,0.5493526785714286,0.4870678943452381,0.6080364583333333,80,1680
mixed-trained,LSTM-AE (generic),layer_calm,normal,4,0.5518650793650793,0.48113343253968255,0.6213893849206349,60,1680
mixed-trained,LSTM-AE (generic),spoof_volatile,normal,4,0.5443675595238096,0.4887100074404762,0.6123199404761904,80,1680
mixed-trained,LSTM-AE (generic),spoof_calm,genuine,4,0.525,0.3924791666666667,0.6485729166666664,80,30
mixed-trained,LSTM-AE (generic),layer_calm,genuine,4,0.53,0.385,0.656736111111111,60,30
mixed-trained,LSTM-AE (generic),spoof_calm,normal,8,0.6145238095238095,0.5504711681547619,0.6818193824404762,80,1680
mixed-trained,LSTM-AE (generic),layer_calm,normal,8,0.5497916666666667,0.48081969246031747,0.6174910714285714,60,1680
mixed-trained,LSTM-AE (generic),spoof_volatile,normal,8,0.5746949404761905,0.5166400669642858,0.6340684523809524,80,1680
mixed-trained,LSTM-AE (generic),spoof_calm,genuine,8,0.40708333333333335,0.3045,0.5221458333333333,80,30
mixed-trained,LSTM-AE (generic),layer_calm,genuine,8,0.30833333333333335,0.20551388888888888,0.42224999999999996,60,30
mixed-trained,LSTM-AE (generic),spoof_calm,normal,16,0.7422693452380953,0.6937886904761905,0.7825664062500001,80,1680
mixed-trained,LSTM-AE (generic),layer_calm,normal,16,0.8350694444444444,0.7876582341269841,0.8798866567460317,60,1680
mixed-trained,LSTM-AE (generic),spoof_volatile,normal,16,0.7404464285714286,0.69959765625,0.7811582961309523,80,1680
mixed-trained,LSTM-AE (generic),spoof_calm,genuine,16,0.10875,0.05371875000000001,0.17970833333333322,80,30
mixed-trained,LSTM-AE (generic),layer_calm,genuine,16,0.18888888888888888,0.11322222222222225,0.2828888888888888,60,30
