spoof,size_mult,shift_vs_honest,ci_low,ci_high,fill_gain,fill_gain_ci_low,fill_gain_ci_high,fill_rate_wall,fill_rate_honest,n
single wall,1,-0.0008333333333283121,-0.04833854166666519,0.04208333333333922,0.025,-0.025,0.075,0.7375,0.7125,80
single wall,2,0.013958333333332008,-0.03146874999999964,0.051880208333331346,0.0125,0.0,0.0375,0.7,0.6875,80
single wall,4,0.05125000000000881,0.014791666666680215,0.08750000000001142,-0.025,-0.0625,0.0,0.6875,0.7125,80
single wall,8,0.11479166666666743,0.05207291666666071,0.18146875000000126,0.125,0.0625,0.2,0.8125,0.6875,80
single wall,16,0.12124999999999772,0.004973958333327257,0.20895833333332547,0.1625,0.075,0.25,0.9,0.7375,80
layered,1,0.06277777777777753,0.02138194444444377,0.1102777777777779,0.06666666666666667,0.0,0.15,0.6833333333333333,0.6166666666666667,60
layered,2,0.05055555555554747,-0.030555555555558316,0.12195138888887111,-0.016666666666666666,-0.08333333333333333,0.03333333333333333,0.5666666666666667,0.5833333333333334,60
layered,4,0.036388888888891795,-0.0341805555555621,0.10249999999999806,0.016666666666666666,-0.03333333333333333,0.06666666666666667,0.7666666666666667,0.75,60
layered,8,0.12250000000000417,0.07027777777778761,0.1774999999999979,0.15,0.06666666666666667,0.23374999999999774,0.85,0.7,60
layered,16,0.14388888888889065,0.05888194444444979,0.22778472222222884,0.08333333333333333,0.016666666666666666,0.15,0.85,0.7666666666666667,60
