condition,test,size_mult,a,b,rate_a,rate_b,difference,ci_low,ci_high,p_value,n
calm-trained,spoof_calm,8,Seq-PCA (generic),PCA (generic),0.0125,0.0625,-0.05,-0.1,-0.0125,0.0345,80
calm-trained,spoof_calm,16,Seq-PCA (generic),PCA (generic),0.075,0.2375,-0.1625,-0.2625,-0.0625,0.0025,80
calm-trained,layer_calm,8,Seq-PCA (generic),PCA (generic),0.03333333333333333,0.05,-0.016666666666666666,-0.08333333333333333,0.05,0.8065,60
calm-trained,layer_calm,16,Seq-PCA (generic),PCA (generic),0.13333333333333333,0.15,-0.016666666666666666,-0.13333333333333333,0.08333333333333333,0.8655,60
calm-trained,control_calm,8,Seq-PCA (generic),PCA (generic),0.1,0.06666666666666667,0.03333333333333333,-0.06666666666666667,0.13333333333333333,0.773,30
calm-trained,control_calm,16,Seq-PCA (generic),PCA (generic),0.36666666666666664,0.4666666666666667,-0.1,-0.3,0.1,0.4525,30
calm-trained,spoof_calm,8,LSTM-AE (generic),IForest (generic),0.0625,0.1,-0.0375,-0.1125,0.0375,0.404,80
calm-trained,spoof_calm,16,LSTM-AE (generic),IForest (generic),0.0875,0.125,-0.0375,-0.125,0.05,0.493,80
calm-trained,layer_calm,8,LSTM-AE (generic),IForest (generic),0.05,0.06666666666666667,-0.016666666666666666,-0.1,0.05,0.8135,60
calm-trained,layer_calm,16,LSTM-AE (generic),IForest (generic),0.16666666666666666,0.23333333333333334,-0.06666666666666667,-0.18333333333333332,0.05,0.3115,60
calm-trained,control_calm,8,LSTM-AE (generic),IForest (generic),0.1,0.06666666666666667,0.03333333333333333,-0.06666666666666667,0.1341666666666697,0.7875,30
calm-trained,control_calm,16,LSTM-AE (generic),IForest (generic),0.5,0.23333333333333334,0.26666666666666666,0.1,0.43333333333333335,0.005,30
calm-trained,spoof_calm,8,LSTM-AE (generic),Seq-PCA (generic),0.0625,0.0125,0.05,0.0125,0.1,0.035,80
calm-trained,spoof_calm,16,LSTM-AE (generic),Seq-PCA (generic),0.0875,0.075,0.0125,-0.05,0.075,0.8625,80
calm-trained,layer_calm,8,LSTM-AE (generic),Seq-PCA (generic),0.05,0.03333333333333333,0.016666666666666666,-0.05,0.08333333333333333,0.82,60
calm-trained,layer_calm,16,LSTM-AE (generic),Seq-PCA (generic),0.16666666666666666,0.13333333333333333,0.03333333333333333,-0.05,0.13333333333333333,0.578,60
calm-trained,control_calm,8,LSTM-AE (generic),Seq-PCA (generic),0.1,0.1,0.0,-0.1,0.1,1.0,30
calm-trained,control_calm,16,LSTM-AE (generic),Seq-PCA (generic),0.5,0.36666666666666664,0.13333333333333333,-0.03333333333333333,0.3,0.1835,30
calm-trained,spoof_calm,8,LSTM-AE (generic),Rule,0.0625,1.0,-0.9375,-0.9875,-0.8871874999999988,0.0,80
calm-trained,spoof_calm,16,LSTM-AE (generic),Rule,0.0875,1.0,-0.9125,-0.9628124999999988,-0.85,0.0,80
calm-trained,layer_calm,8,LSTM-AE (generic),Rule,0.05,0.06666666666666667,-0.016666666666666666,-0.08333333333333333,0.05,0.8245,60
calm-trained,layer_calm,16,LSTM-AE (generic),Rule,0.16666666666666666,0.08333333333333333,0.08333333333333333,-0.016666666666666666,0.18333333333333332,0.152,60
calm-trained,control_calm,8,LSTM-AE (generic),Rule,0.1,0.06666666666666667,0.03333333333333333,-0.1,0.16666666666666666,0.8375,30
calm-trained,control_calm,16,LSTM-AE (generic),Rule,0.5,0.0,0.5,0.3333333333333333,0.6666666666666666,0.0,30
calm-trained,spoof_calm,8,Rule,PCA (informed),1.0,0.375,0.625,0.525,0.725,0.0,80
calm-trained,spoof_calm,16,Rule,PCA (informed),1.0,0.975,0.025,0.0,0.0625,0.255,80
calm-trained,layer_calm,8,Rule,PCA (informed),0.06666666666666667,0.11666666666666667,-0.05,-0.15,0.06666666666666667,0.452,60
calm-trained,layer_calm,16,Rule,PCA (informed),0.08333333333333333,0.08333333333333333,0.0,-0.1,0.08333333333333333,1.0,60
calm-trained,control_calm,8,Rule,PCA (informed),0.06666666666666667,0.23333333333333334,-0.16666666666666666,-0.3333333333333333,0.0,0.059,30
calm-trained,control_calm,16,Rule,PCA (informed),0.0,0.9,-0.9,-1.0,-0.8,0.0,30
mixed-trained,spoof_calm,8,Seq-PCA (generic),PCA (generic),0.0,0.0625,-0.0625,-0.125,-0.0125,0.0125,80
mixed-trained,spoof_calm,16,Seq-PCA (generic),PCA (generic),0.0,0.2125,-0.2125,-0.3,-0.125,0.0,80
mixed-trained,layer_calm,8,Seq-PCA (generic),PCA (generic),0.0,0.0,0.0,0.0,0.0,1.0,60
mixed-trained,layer_calm,16,Seq-PCA (generic),PCA (generic),0.0,0.03333333333333333,-0.03333333333333333,-0.08333333333333333,0.0,0.243,60
mixed-trained,control_calm,8,Seq-PCA (generic),PCA (generic),0.0,0.03333333333333333,-0.03333333333333333,-0.1,0.0,0.706,30
mixed-trained,control_calm,16,Seq-PCA (generic),PCA (generic),0.0,0.36666666666666664,-0.36666666666666664,-0.5333333333333333,-0.2,0.0,30
mixed-trained,spoof_calm,8,LSTM-AE (generic),IForest (generic),0.0,0.0,0.0,0.0,0.0,1.0,80
mixed-trained,spoof_calm,16,LSTM-AE (generic),IForest (generic),0.0125,0.0,0.0125,0.0,0.0375,0.7295,80
mixed-trained,layer_calm,8,LSTM-AE (generic),IForest (generic),0.0,0.0,0.0,0.0,0.0,1.0,60
mixed-trained,layer_calm,16,LSTM-AE (generic),IForest (generic),0.0,0.03333333333333333,-0.03333333333333333,-0.08333333333333333,0.0,0.252,60
mixed-trained,control_calm,8,LSTM-AE (generic),IForest (generic),0.0,0.0,0.0,0.0,0.0,1.0,30
mixed-trained,control_calm,16,LSTM-AE (generic),IForest (generic),0.1,0.03333333333333333,0.06666666666666667,-0.06666666666666667,0.2,0.456,30
mixed-trained,spoof_calm,8,LSTM-AE (generic),Seq-PCA (generic),0.0,0.0,0.0,0.0,0.0,1.0,80
mixed-trained,spoof_calm,16,LSTM-AE (generic),Seq-PCA (generic),0.0125,0.0,0.0125,0.0,0.0375,0.7295,80
mixed-trained,layer_calm,8,LSTM-AE (generic),Seq-PCA (generic),0.0,0.0,0.0,0.0,0.0,1.0,60
mixed-trained,layer_calm,16,LSTM-AE (generic),Seq-PCA (generic),0.0,0.0,0.0,0.0,0.0,1.0,60
mixed-trained,control_calm,8,LSTM-AE (generic),Seq-PCA (generic),0.0,0.0,0.0,0.0,0.0,1.0,30
mixed-trained,control_calm,16,LSTM-AE (generic),Seq-PCA (generic),0.1,0.0,0.1,0.0,0.2,0.092,30
mixed-trained,spoof_calm,8,LSTM-AE (generic),Rule,0.0,1.0,-1.0,-1.0,-1.0,0.0,80
mixed-trained,spoof_calm,16,LSTM-AE (generic),Rule,0.0125,1.0,-0.9875,-1.0,-0.9625,0.0,80
mixed-trained,layer_calm,8,LSTM-AE (generic),Rule,0.0,0.06666666666666667,-0.06666666666666667,-0.13333333333333333,-0.016666666666666666,0.027,60
mixed-trained,layer_calm,16,LSTM-AE (generic),Rule,0.0,0.08333333333333333,-0.08333333333333333,-0.15,-0.016666666666666666,0.006,60
mixed-trained,control_calm,8,LSTM-AE (generic),Rule,0.0,0.06666666666666667,-0.06666666666666667,-0.16666666666666666,0.0,0.254,30
mixed-trained,control_calm,16,LSTM-AE (generic),Rule,0.1,0.0,0.1,0.0,0.2,0.092,30
mixed-trained,spoof_calm,8,Rule,PCA (informed),1.0,0.0125,0.9875,0.9625,1.0,0.0,80
mixed-trained,spoof_calm,16,Rule,PCA (informed),1.0,0.3625,0.6375,0.5375,0.7375,0.0,80
mixed-trained,layer_calm,8,Rule,PCA (informed),0.06666666666666667,0.0,0.06666666666666667,0.016666666666666666,0.13333333333333333,0.027,60
mixed-trained,layer_calm,16,Rule,PCA (informed),0.08333333333333333,0.0,0.08333333333333333,0.016666666666666666,0.15,0.006,60
mixed-trained,control_calm,8,Rule,PCA (informed),0.06666666666666667,0.03333333333333333,0.03333333333333333,-0.06666666666666667,0.16666666666666666,0.781,30
mixed-trained,control_calm,16,Rule,PCA (informed),0.0,0.5666666666666667,-0.5666666666666667,-0.7333333333333333,-0.4,0.0,30
