market,detector,spoofs_caught_8,spoofs_caught_16,layered_caught_16,genuine_flagged_16,auc_spoof_vs_normal_16,auc_spoof_vs_genuine_16,false_alarm_rate,chance,fill_gain_single_wall_8,fill_gain_ci_low_single_wall_8,fill_gain_single_wall_16,fill_gain_ci_low_single_wall_16,fill_gain_layered_8,fill_gain_ci_low_layered_8,fill_gain_layered_16,fill_gain_ci_low_layered_16
fewer book-readers,Rule,1.0,1.0,0.05,0.0,1.0,1.0,0.011250000000000001,0.08884648006785412,0.02,-0.04,0.04,0.0,0.05,0.0,0.0,0.0
fewer book-readers,PCA (generic),0.02,0.5,0.1,0.5,0.9054761904761904,0.5083333333333333,0.007916666666666669,0.056615776081424936,0.02,-0.04,0.04,0.0,0.05,0.0,0.0,0.0
fewer book-readers,PCA (informed),0.26,0.98,0.075,0.6666666666666666,0.9905357142857143,0.6625,0.00875,0.05025445292620865,0.02,-0.04,0.04,0.0,0.05,0.0,0.0,0.0
fewer book-readers,IForest (generic),0.06,0.08,0.1,0.16666666666666666,0.6696031746031746,0.44166666666666665,0.009583333333333333,0.04813401187446989,0.02,-0.04,0.04,0.0,0.05,0.0,0.0,0.0
fewer book-readers,IForest (informed),0.08,0.26,0.225,0.125,0.8153769841269841,0.4866666666666667,0.009166666666666668,0.054495335029686176,0.02,-0.04,0.04,0.0,0.05,0.0,0.0,0.0
fewer book-readers,Seq-PCA (generic),0.06,0.24,0.05,0.4166666666666667,0.8308333333333333,0.4225,0.009583333333333334,0.03795589482612383,0.02,-0.04,0.04,0.0,0.05,0.0,0.0,0.0
fewer book-readers,LSTM-AE (generic),0.0,0.0,0.0,0.0,0.7436706349206349,0.285,0.004166666666666667,0.005301102629346904,0.02,-0.04,0.04,0.0,0.05,0.0,0.0,0.0
more book-readers,Rule,1.0,1.0,0.025,0.041666666666666664,1.0,1.0,0.0043749999999999995,0.03498727735368957,0.14,0.04,0.2,0.1,0.075,0.0,0.125,0.025
more book-readers,PCA (generic),0.08,0.34,0.1,0.375,0.8271825396825396,0.4425,0.014583333333333337,0.10474978795589483,0.14,0.04,0.2,0.1,0.075,0.0,0.125,0.025
more book-readers,PCA (informed),0.12,0.6,0.1,0.5833333333333334,0.8670238095238095,0.43166666666666664,0.010208333333333335,0.06255301102629347,0.14,0.04,0.2,0.1,0.075,0.0,0.125,0.025
more book-readers,IForest (generic),0.02,0.22,0.15,0.3333333333333333,0.7249404761904762,0.4216666666666667,0.014583333333333332,0.07591178965224767,0.14,0.04,0.2,0.1,0.075,0.0,0.125,0.025
more book-readers,IForest (informed),0.14,0.3,0.225,0.3333333333333333,0.8161111111111111,0.5616666666666666,0.014375,0.08248515691263783,0.14,0.04,0.2,0.1,0.075,0.0,0.125,0.025
more book-readers,Seq-PCA (generic),0.06,0.08,0.125,0.25,0.7762896825396826,0.3875,0.011875000000000002,0.037531806615776084,0.14,0.04,0.2,0.1,0.075,0.0,0.125,0.025
more book-readers,LSTM-AE (generic),0.04,0.08,0.1,0.25,0.7359325396825397,0.3075,0.018958333333333334,0.04262086513994911,0.14,0.04,0.2,0.1,0.075,0.0,0.125,0.025
thinner book,Rule,1.0,1.0,0.05,0.08333333333333333,1.0,1.0,0.008124999999999999,0.06340118744698897,0.06,-0.02,0.22,0.1,0.05,-0.05,0.175,0.075
thinner book,PCA (generic),0.12,0.42,0.1,0.5,0.8920039682539682,0.4975,0.009791666666666666,0.07485156912637829,0.06,-0.02,0.22,0.1,0.05,-0.05,0.175,0.075
thinner book,PCA (informed),0.1,0.84,0.025,0.75,0.9787698412698412,0.59,0.006458333333333334,0.03265479219677693,0.06,-0.02,0.22,0.1,0.05,-0.05,0.175,0.075
thinner book,IForest (generic),0.1,0.16,0.225,0.2916666666666667,0.7311309523809524,0.3425,0.006458333333333333,0.04368108566581849,0.06,-0.02,0.22,0.1,0.05,-0.05,0.175,0.075
thinner book,IForest (informed),0.28,0.3,0.175,0.375,0.8838690476190476,0.4725,0.006666666666666668,0.0498303647158609,0.06,-0.02,0.22,0.1,0.05,-0.05,0.175,0.075
thinner book,Seq-PCA (generic),0.08,0.3,0.15,0.3333333333333333,0.8604960317460317,0.4725,0.014166666666666668,0.05407124681933842,0.06,-0.02,0.22,0.1,0.05,-0.05,0.175,0.075
thinner book,LSTM-AE (generic),0.04,0.1,0.075,0.4166666666666667,0.8273214285714285,0.2916666666666667,0.01,0.027353689567430027,0.06,-0.02,0.22,0.1,0.05,-0.05,0.175,0.075
impatient traders,Rule,1.0,1.0,0.075,0.0,1.0,1.0,0.006041666666666667,0.04834605597964377,0.08,0.02,0.1,0.02,0.05,0.0,0.2,0.075
impatient traders,PCA (generic),0.1,0.44,0.025,0.5416666666666666,0.8639087301587302,0.42583333333333334,0.010625000000000002,0.07803223070398643,0.08,0.02,0.1,0.02,0.05,0.0,0.2,0.075
impatient traders,PCA (informed),0.26,0.86,0.15,0.875,0.9488095238095238,0.475,0.012708333333333335,0.07782018659881255,0.08,0.02,0.1,0.02,0.05,0.0,0.2,0.075
impatient traders,IForest (generic),0.1,0.12,0.175,0.16666666666666666,0.6471626984126985,0.335,0.010208333333333333,0.07251908396946564,0.08,0.02,0.1,0.02,0.05,0.0,0.2,0.075
impatient traders,IForest (informed),0.36,0.5,0.35,0.5833333333333334,0.8654563492063492,0.42083333333333334,0.012083333333333335,0.09478371501272265,0.08,0.02,0.1,0.02,0.05,0.0,0.2,0.075
impatient traders,Seq-PCA (generic),0.06,0.28,0.125,0.4583333333333333,0.840218253968254,0.40166666666666667,0.014166666666666666,0.047285835453774384,0.08,0.02,0.1,0.02,0.05,0.0,0.2,0.075
impatient traders,LSTM-AE (generic),0.02,0.14,0.05,0.2916666666666667,0.772281746031746,0.29333333333333333,0.015833333333333335,0.03435114503816794,0.08,0.02,0.1,0.02,0.05,0.0,0.2,0.075
