detector,mode,test,size_mult,catch_rate,auc_vs_normal,auc_vs_genuine
Seq-PCA (generic),intact,spoof_calm,1,0.0125,0.4790625,0.5354166666666667
Seq-PCA (generic),intact,layer_calm,1,0.03333333333333333,0.5323710317460317,0.5888888888888889
Seq-PCA (generic),intact,spoof_calm,2,0.05,0.4939806547619048,0.47708333333333336
Seq-PCA (generic),intact,layer_calm,2,0.0,0.5294047619047619,0.5061111111111111
Seq-PCA (generic),intact,spoof_calm,4,0.05,0.5253794642857142,0.5079166666666667
Seq-PCA (generic),intact,layer_calm,4,0.016666666666666666,0.4492857142857143,0.455
Seq-PCA (generic),intact,spoof_calm,8,0.0125,0.5920610119047619,0.43166666666666664
Seq-PCA (generic),intact,layer_calm,8,0.03333333333333333,0.49993055555555554,0.3522222222222222
Seq-PCA (generic),intact,spoof_calm,16,0.075,0.7408854166666666,0.3125
Seq-PCA (generic),intact,layer_calm,16,0.13333333333333333,0.7188095238095238,0.2722222222222222
Seq-PCA (generic),shuffled,spoof_calm,1,0.1125,0.46933035714285715,0.48375
Seq-PCA (generic),shuffled,layer_calm,1,0.21666666666666667,0.5145436507936508,0.5344444444444445
Seq-PCA (generic),shuffled,spoof_calm,2,0.175,0.48566220238095237,0.4666666666666667
Seq-PCA (generic),shuffled,layer_calm,2,0.2833333333333333,0.5524503968253969,0.53
Seq-PCA (generic),shuffled,spoof_calm,4,0.3,0.53625,0.5433333333333333
Seq-PCA (generic),shuffled,layer_calm,4,0.2,0.4545436507936508,0.4661111111111111
Seq-PCA (generic),shuffled,spoof_calm,8,0.35,0.6041592261904762,0.42625
Seq-PCA (generic),shuffled,layer_calm,8,0.3,0.5141865079365079,0.3516666666666667
Seq-PCA (generic),shuffled,spoof_calm,16,0.525,0.7381547619047619,0.2683333333333333
Seq-PCA (generic),shuffled,layer_calm,16,0.4666666666666667,0.7267460317460317,0.2633333333333333
LSTM-AE (generic),intact,spoof_calm,1,0.0125,0.47454613095238096,0.4895833333333333
LSTM-AE (generic),intact,layer_calm,1,0.0,0.542797619047619,0.5633333333333334
LSTM-AE (generic),intact,spoof_calm,2,0.0125,0.460625,0.44208333333333333
LSTM-AE (generic),intact,layer_calm,2,0.0,0.5800198412698413,0.5566666666666666
LSTM-AE (generic),intact,spoof_calm,4,0.0125,0.555952380952381,0.47333333333333333
LSTM-AE (generic),intact,layer_calm,4,0.016666666666666666,0.5582242063492063,0.4772222222222222
LSTM-AE (generic),intact,spoof_calm,8,0.0625,0.60703125,0.4075
LSTM-AE (generic),intact,layer_calm,8,0.05,0.5534623015873016,0.3472222222222222
LSTM-AE (generic),intact,spoof_calm,16,0.0875,0.7093452380952381,0.13875
LSTM-AE (generic),intact,layer_calm,16,0.16666666666666666,0.8237400793650793,0.25722222222222224
LSTM-AE (generic),shuffled,spoof_calm,1,0.0125,0.46688988095238093,0.4975
LSTM-AE (generic),shuffled,layer_calm,1,0.05,0.5430357142857143,0.5944444444444444
LSTM-AE (generic),shuffled,spoof_calm,2,0.0125,0.46194940476190477,0.46125
LSTM-AE (generic),shuffled,layer_calm,2,0.016666666666666666,0.5784722222222223,0.5611111111111111
LSTM-AE (generic),shuffled,spoof_calm,4,0.0375,0.5401860119047619,0.44708333333333333
LSTM-AE (generic),shuffled,layer_calm,4,0.016666666666666666,0.5441170634920635,0.4572222222222222
LSTM-AE (generic),shuffled,spoof_calm,8,0.075,0.619985119047619,0.42333333333333334
LSTM-AE (generic),shuffled,layer_calm,8,0.05,0.5447321428571429,0.35333333333333333
LSTM-AE (generic),shuffled,spoof_calm,16,0.125,0.711875,0.1425
LSTM-AE (generic),shuffled,layer_calm,16,0.26666666666666666,0.8171924603174603,0.255
