condition,detector,threshold,test,metric,size_mult,value,ci_low,ci_high,n
calm-trained,Rule,17.0,reversal_calm,flag_rate,1.0,0.03333333333333333,0.0,0.08333333333333333,60
calm-trained,Rule,17.0,reversal_calm,flag_rate,2.0,0.08333333333333333,0.016666666666666666,0.16666666666666666,60
calm-trained,Rule,17.0,reversal_calm,flag_rate,4.0,0.016666666666666666,0.0,0.05,60
calm-trained,Rule,17.0,reversal_calm,flag_rate,8.0,0.9333333333333333,0.8666666666666667,0.9833333333333333,60
calm-trained,Rule,17.0,reversal_calm,flag_rate,16.0,0.9833333333333333,0.95,1.0,60
calm-trained,Rule,17.0,withdrawal_calm,flag_rate,1.0,0.05,0.0,0.11666666666666667,60
calm-trained,Rule,17.0,withdrawal_calm,flag_rate,2.0,0.1,0.03333333333333333,0.18333333333333332,60
calm-trained,Rule,17.0,withdrawal_calm,flag_rate,4.0,0.05,0.0,0.11666666666666667,60
calm-trained,Rule,17.0,withdrawal_calm,flag_rate,8.0,0.9333333333333333,0.8666666666666667,0.9833333333333333,60
calm-trained,Rule,17.0,withdrawal_calm,flag_rate,16.0,1.0,1.0,1.0,60
calm-trained,PCA (generic),6.694302388269313,reversal_calm,flag_rate,1.0,0.05,0.0,0.11666666666666667,60
calm-trained,PCA (generic),6.694302388269313,reversal_calm,flag_rate,2.0,0.06666666666666667,0.016666666666666666,0.13333333333333333,60
calm-trained,PCA (generic),6.694302388269313,reversal_calm,flag_rate,4.0,0.08333333333333333,0.016666666666666666,0.15,60
calm-trained,PCA (generic),6.694302388269313,reversal_calm,flag_rate,8.0,0.1,0.03333333333333333,0.18333333333333332,60
calm-trained,PCA (generic),6.694302388269313,reversal_calm,flag_rate,16.0,0.43333333333333335,0.3,0.55,60
calm-trained,PCA (generic),6.694302388269313,withdrawal_calm,flag_rate,1.0,0.06666666666666667,0.016666666666666666,0.13333333333333333,60
calm-trained,PCA (generic),6.694302388269313,withdrawal_calm,flag_rate,2.0,0.08333333333333333,0.016666666666666666,0.15,60
calm-trained,PCA (generic),6.694302388269313,withdrawal_calm,flag_rate,4.0,0.08333333333333333,0.016666666666666666,0.15,60
calm-trained,PCA (generic),6.694302388269313,withdrawal_calm,flag_rate,8.0,0.05,0.0,0.11666666666666667,60
calm-trained,PCA (generic),6.694302388269313,withdrawal_calm,flag_rate,16.0,0.35,0.23333333333333334,0.48333333333333334,60
calm-trained,PCA (informed),7.971143482430425,reversal_calm,flag_rate,1.0,0.1,0.03333333333333333,0.18333333333333332,60
calm-trained,PCA (informed),7.971143482430425,reversal_calm,flag_rate,2.0,0.1,0.03333333333333333,0.18333333333333332,60
calm-trained,PCA (informed),7.971143482430425,reversal_calm,flag_rate,4.0,0.05,0.0,0.1,60
calm-trained,PCA (informed),7.971143482430425,reversal_calm,flag_rate,8.0,0.48333333333333334,0.36666666666666664,0.6,60
calm-trained,PCA (informed),7.971143482430425,reversal_calm,flag_rate,16.0,0.9833333333333333,0.95,1.0,60
calm-trained,PCA (informed),7.971143482430425,withdrawal_calm,flag_rate,1.0,0.15,0.06666666666666667,0.25,60
calm-trained,PCA (informed),7.971143482430425,withdrawal_calm,flag_rate,2.0,0.06666666666666667,0.016666666666666666,0.13333333333333333,60
calm-trained,PCA (informed),7.971143482430425,withdrawal_calm,flag_rate,4.0,0.16666666666666666,0.08333333333333333,0.26666666666666666,60
calm-trained,PCA (informed),7.971143482430425,withdrawal_calm,flag_rate,8.0,0.35,0.23333333333333334,0.4666666666666667,60
calm-trained,PCA (informed),7.971143482430425,withdrawal_calm,flag_rate,16.0,0.95,0.8833333333333333,1.0,60
calm-trained,IForest (generic),0.5384363900496434,reversal_calm,flag_rate,1.0,0.03333333333333333,0.0,0.08333333333333333,60
calm-trained,IForest (generic),0.5384363900496434,reversal_calm,flag_rate,2.0,0.13333333333333333,0.05,0.21666666666666667,60
calm-trained,IForest (generic),0.5384363900496434,reversal_calm,flag_rate,4.0,0.11666666666666667,0.05,0.2,60
calm-trained,IForest (generic),0.5384363900496434,reversal_calm,flag_rate,8.0,0.1,0.03333333333333333,0.18333333333333332,60
calm-trained,IForest (generic),0.5384363900496434,reversal_calm,flag_rate,16.0,0.13333333333333333,0.05,0.23333333333333334,60
calm-trained,IForest (generic),0.5384363900496434,withdrawal_calm,flag_rate,1.0,0.08333333333333333,0.016666666666666666,0.16666666666666666,60
calm-trained,IForest (generic),0.5384363900496434,withdrawal_calm,flag_rate,2.0,0.1,0.03333333333333333,0.18333333333333332,60
calm-trained,IForest (generic),0.5384363900496434,withdrawal_calm,flag_rate,4.0,0.11666666666666667,0.04958333333333407,0.2,60
calm-trained,IForest (generic),0.5384363900496434,withdrawal_calm,flag_rate,8.0,0.05,0.0,0.11666666666666667,60
calm-trained,IForest (generic),0.5384363900496434,withdrawal_calm,flag_rate,16.0,0.08333333333333333,0.016666666666666666,0.16666666666666666,60
calm-trained,IForest (informed),0.5347775739558063,reversal_calm,flag_rate,1.0,0.03333333333333333,0.0,0.08333333333333333,60
calm-trained,IForest (informed),0.5347775739558063,reversal_calm,flag_rate,2.0,0.13333333333333333,0.05,0.23333333333333334,60
calm-trained,IForest (informed),0.5347775739558063,reversal_calm,flag_rate,4.0,0.05,0.0,0.11666666666666667,60
calm-trained,IForest (informed),0.5347775739558063,reversal_calm,flag_rate,8.0,0.16666666666666666,0.08333333333333333,0.26666666666666666,60
calm-trained,IForest (informed),0.5347775739558063,reversal_calm,flag_rate,16.0,0.26666666666666666,0.16666666666666666,0.38333333333333336,60
calm-trained,IForest (informed),0.5347775739558063,withdrawal_calm,flag_rate,1.0,0.18333333333333332,0.1,0.2833333333333333,60
calm-trained,IForest (informed),0.5347775739558063,withdrawal_calm,flag_rate,2.0,0.11666666666666667,0.05,0.2,60
calm-trained,IForest (informed),0.5347775739558063,withdrawal_calm,flag_rate,4.0,0.1,0.03333333333333333,0.18333333333333332,60
calm-trained,IForest (informed),0.5347775739558063,withdrawal_calm,flag_rate,8.0,0.13333333333333333,0.05,0.21666666666666667,60
calm-trained,IForest (informed),0.5347775739558063,withdrawal_calm,flag_rate,16.0,0.3333333333333333,0.21666666666666667,0.45,60
calm-trained,Seq-PCA (generic),0.2524686300043683,reversal_calm,flag_rate,1.0,0.016666666666666666,0.0,0.05,60
calm-trained,Seq-PCA (generic),0.2524686300043683,reversal_calm,flag_rate,2.0,0.016666666666666666,0.0,0.05,60
calm-trained,Seq-PCA (generic),0.2524686300043683,reversal_calm,flag_rate,4.0,0.016666666666666666,0.0,0.05,60
calm-trained,Seq-PCA (generic),0.2524686300043683,reversal_calm,flag_rate,8.0,0.06666666666666667,0.016666666666666666,0.13333333333333333,60
calm-trained,Seq-PCA (generic),0.2524686300043683,reversal_calm,flag_rate,16.0,0.2833333333333333,0.18333333333333332,0.4,60
calm-trained,Seq-PCA (generic),0.2524686300043683,withdrawal_calm,flag_rate,1.0,0.03333333333333333,0.0,0.08333333333333333,60
calm-trained,Seq-PCA (generic),0.2524686300043683,withdrawal_calm,flag_rate,2.0,0.016666666666666666,0.0,0.05,60
calm-trained,Seq-PCA (generic),0.2524686300043683,withdrawal_calm,flag_rate,4.0,0.03333333333333333,0.0,0.08333333333333333,60
calm-trained,Seq-PCA (generic),0.2524686300043683,withdrawal_calm,flag_rate,8.0,0.0,0.0,0.0,60
calm-trained,Seq-PCA (generic),0.2524686300043683,withdrawal_calm,flag_rate,16.0,0.3,0.18333333333333332,0.4166666666666667,60
calm-trained,LSTM-AE (generic),1.2038334167003628,reversal_calm,flag_rate,1.0,0.03333333333333333,0.0,0.08333333333333333,60
calm-trained,LSTM-AE (generic),1.2038334167003628,reversal_calm,flag_rate,2.0,0.05,0.0,0.11666666666666667,60
calm-trained,LSTM-AE (generic),1.2038334167003628,reversal_calm,flag_rate,4.0,0.016666666666666666,0.0,0.05,60
calm-trained,LSTM-AE (generic),1.2038334167003628,reversal_calm,flag_rate,8.0,0.08333333333333333,0.016666666666666666,0.15,60
calm-trained,LSTM-AE (generic),1.2038334167003628,reversal_calm,flag_rate,16.0,0.1,0.03333333333333333,0.18333333333333332,60
calm-trained,LSTM-AE (generic),1.2038334167003628,withdrawal_calm,flag_rate,1.0,0.016666666666666666,0.0,0.05,60
calm-trained,LSTM-AE (generic),1.2038334167003628,withdrawal_calm,flag_rate,2.0,0.06666666666666667,0.016666666666666666,0.13333333333333333,60
calm-trained,LSTM-AE (generic),1.2038334167003628,withdrawal_calm,flag_rate,4.0,0.03333333333333333,0.0,0.08333333333333333,60
calm-trained,LSTM-AE (generic),1.2038334167003628,withdrawal_calm,flag_rate,8.0,0.08333333333333333,0.016666666666666666,0.16666666666666666,60
calm-trained,LSTM-AE (generic),1.2038334167003628,withdrawal_calm,flag_rate,16.0,0.18333333333333332,0.08333333333333333,0.2833333333333333,60
