variant,k,draw,size_mult,threshold,spoof_walls_caught,layered_caught,genuine_flagged,reversal_flagged,withdrawal_flagged,normal_orders_flagged,auc_spoof_vs_genuine,auc_layered_vs_genuine
spoofs only,1,0,8,2.265146442276508,1.0,0.0,1.0,1.0,1.0,0.0012461363664129598,0.038461538461538464,0.0
spoofs only,1,0,16,2.265146442276508,1.0,0.0,1.0,1.0,1.0,0.0012461363664129598,0.05448717948717949,0.0
spoofs only,1,1,8,0.6342765322566519,1.0,0.0,1.0,1.0,1.0,0.0013438725520139763,1.0,0.0
spoofs only,1,1,16,0.6342765322566519,1.0,0.0,1.0,1.0,1.0,0.0013438725520139763,1.0,0.0
spoofs only,1,2,8,2.046412876662043,1.0,0.0,0.8333333333333334,1.0,1.0,0.0012094852968125786,1.0,0.0
spoofs only,1,2,16,2.046412876662043,1.0,0.0,1.0,1.0,1.0,0.0012094852968125786,1.0,0.0
spoofs only,1,3,8,0.3941816430763979,1.0,0.0,0.5833333333333334,1.0,1.0,0.0012339193432128327,1.0,0.0
spoofs only,1,3,16,0.3941816430763979,1.0,0.05,1.0,1.0,1.0,0.0012339193432128327,1.0,0.0
spoofs only,1,4,8,2.104447212036701,1.0,0.0,1.0,1.0,1.0,0.0013683065984142304,1.0,0.0
spoofs only,1,4,16,2.104447212036701,1.0,0.0,1.0,1.0,1.0,0.0013683065984142304,1.0,0.0
spoofs only,1,5,8,0.5527296060757909,1.0,0.0,0.9166666666666666,1.0,1.0,0.0012339193432128327,1.0,0.0
spoofs only,1,5,16,0.5527296060757909,1.0,0.0,1.0,1.0,1.0,0.0012339193432128327,1.0,0.0
spoofs only,1,6,8,2.104447212036701,1.0,0.0,1.0,1.0,1.0,0.0013683065984142304,1.0,0.0
spoofs only,1,6,16,2.104447212036701,1.0,0.0,1.0,1.0,1.0,0.0013683065984142304,1.0,0.0
spoofs only,1,7,8,0.18441102715642452,1.0,0.0,0.5,1.0,1.0,0.0013316555288138492,1.0,0.0
spoofs only,1,7,16,0.18441102715642452,1.0,0.15,1.0,1.0,1.0,0.0013316555288138492,1.0,0.0
spoofs only,1,8,8,0.18441102715642452,1.0,0.0,0.5,1.0,1.0,0.0013316555288138492,1.0,0.0
spoofs only,1,8,16,0.18441102715642452,1.0,0.15,1.0,1.0,1.0,0.0013316555288138492,1.0,0.0
spoofs only,1,9,8,0.6342765322566519,1.0,0.0,1.0,1.0,1.0,0.0013438725520139763,1.0,0.0
spoofs only,1,9,16,0.6342765322566519,1.0,0.0,1.0,1.0,1.0,0.0013438725520139763,1.0,0.0
spoofs only,1,10,8,1.8922232316492278,1.0,0.0,0.4166666666666667,1.0,1.0,0.0011850512504123245,1.0,0.0
spoofs only,1,10,16,1.8922232316492278,1.0,0.05,1.0,1.0,1.0,0.0011850512504123245,1.0,0.0
spoofs only,1,11,8,0.670482341759139,1.0,0.0,1.0,1.0,1.0,0.0014171746912147387,1.0,0.0
spoofs only,1,11,16,0.670482341759139,1.0,0.0,1.0,1.0,1.0,0.0014171746912147387,1.0,0.0
spoofs only,1,12,8,0.670482341759139,1.0,0.0,1.0,1.0,1.0,0.0014171746912147387,1.0,0.0
spoofs only,1,12,16,0.670482341759139,1.0,0.0,1.0,1.0,1.0,0.0014171746912147387,1.0,0.0
spoofs only,1,13,8,0.6498106215661902,1.0,0.0,1.0,1.0,1.0,0.001307221482413595,1.0,0.0
spoofs only,1,13,16,0.6498106215661902,1.0,0.0,1.0,1.0,1.0,0.001307221482413595,1.0,0.0
spoofs only,1,14,8,1.6640563635752286,1.0,0.0,0.3333333333333333,1.0,1.0,0.001282787436013341,1.0,0.0
spoofs only,1,14,16,1.6640563635752286,1.0,0.15,1.0,1.0,1.0,0.001282787436013341,1.0,0.0
spoofs only,1,15,8,1.1927178922285482,1.0,0.0,0.16666666666666666,1.0,1.0,0.001270570412813214,1.0,0.0
spoofs only,1,15,16,1.1927178922285482,1.0,0.3,1.0,1.0,1.0,0.001270570412813214,1.0,0.0
spoofs only,1,16,8,2.011236952600703,1.0,0.0,1.0,1.0,1.0,0.0012461363664129598,1.0,0.0
spoofs only,1,16,16,2.011236952600703,1.0,0.0,1.0,1.0,1.0,0.0012461363664129598,1.0,0.0
spoofs only,1,17,8,0.670482341759139,1.0,0.0,1.0,1.0,1.0,0.0014171746912147387,1.0,0.0
spoofs only,1,17,16,0.670482341759139,1.0,0.0,1.0,1.0,1.0,0.0014171746912147387,1.0,0.0
spoofs only,1,18,8,0.614211894403917,1.0,0.0,1.0,1.0,1.0,0.0014538257608151198,1.0,0.0
spoofs only,1,18,16,0.614211894403917,1.0,0.0,1.0,1.0,1.0,0.0014538257608151198,0.9775641025641025,0.0
spoofs only,1,19,8,0.3941816430763979,1.0,0.0,0.5833333333333334,1.0,1.0,0.0012339193432128327,1.0,0.0
spoofs only,1,19,16,0.3941816430763979,1.0,0.05,1.0,1.0,1.0,0.0012339193432128327,1.0,0.0
spoofs only,1,20,8,1.8637903687318322,1.0,0.0,0.8333333333333334,1.0,1.0,0.0012461363664129598,1.0,0.0
spoofs only,1,20,16,1.8637903687318322,1.0,0.0,1.0,1.0,1.0,0.0012461363664129598,1.0,0.0
spoofs only,1,21,8,0.5028164031954288,1.0,0.0,0.8333333333333334,1.0,1.0,0.001270570412813214,1.0,0.0
spoofs only,1,21,16,0.5028164031954288,1.0,0.0,1.0,1.0,1.0,0.001270570412813214,1.0,0.0
spoofs only,1,22,8,2.042214712812313,1.0,0.0,0.9166666666666666,1.0,1.0,0.001282787436013341,1.0,0.0
spoofs only,1,22,16,2.042214712812313,1.0,0.0,1.0,1.0,1.0,0.001282787436013341,1.0,0.0
spoofs only,1,23,8,1.2998795458443204,1.0,0.0,0.16666666666666666,1.0,1.0,0.0012094852968125786,1.0,0.0
spoofs only,1,23,16,1.2998795458443204,1.0,0.3,1.0,1.0,1.0,0.0012094852968125786,1.0,0.0
spoofs only,1,24,8,0.5028164031954288,1.0,0.0,0.8333333333333334,1.0,1.0,0.001270570412813214,1.0,0.0
spoofs only,1,24,16,0.5028164031954288,1.0,0.0,1.0,1.0,1.0,0.001270570412813214,1.0,0.0
spoofs only,1,25,8,0.5028164031954288,1.0,0.0,0.8333333333333334,1.0,1.0,0.001270570412813214,1.0,0.0
spoofs only,1,25,16,0.5028164031954288,1.0,0.0,1.0,1.0,1.0,0.001270570412813214,1.0,0.0
spoofs only,1,26,8,2.155367278737534,1.0,0.0,1.0,1.0,1.0,0.0013805236216143575,1.0,0.0
spoofs only,1,26,16,2.155367278737534,1.0,0.0,1.0,1.0,1.0,0.0013805236216143575,1.0,0.0
spoofs only,1,27,8,2.042214712812313,1.0,0.0,0.9166666666666666,1.0,1.0,0.001282787436013341,1.0,0.0
spoofs only,1,27,16,2.042214712812313,1.0,0.0,1.0,1.0,1.0,0.001282787436013341,1.0,0.0
spoofs only,1,28,8,0.43957850835884166,1.0,0.0,0.5,1.0,1.0,0.0012339193432128327,1.0,0.0
spoofs only,1,28,16,0.43957850835884166,1.0,0.0,1.0,1.0,1.0,0.0012339193432128327,1.0,0.0
spoofs only,1,29,8,0.5527296060757909,1.0,0.0,0.9166666666666666,1.0,1.0,0.0012339193432128327,1.0,0.0
spoofs only,1,29,16,0.5527296060757909,1.0,0.0,1.0,1.0,1.0,0.0012339193432128327,1.0,0.0
spoofs only,2,0,8,1.8533875314004433,1.0,0.0,1.0,1.0,1.0,0.001282787436013341,0.21794871794871795,0.0
spoofs only,2,0,16,1.8533875314004433,1.0,0.0,1.0,1.0,1.0,0.001282787436013341,0.30448717948717946,0.0
spoofs only,2,1,8,0.5272898861868174,1.0,0.0,0.8333333333333334,1.0,1.0,0.0012461363664129598,1.0,0.0
spoofs only,2,1,16,0.5272898861868174,1.0,0.0,1.0,1.0,1.0,0.0012461363664129598,1.0,0.0
spoofs only,2,2,8,1.9945273369148806,1.0,0.0,0.75,1.0,1.0,0.0012094852968125786,1.0,0.0
spoofs only,2,2,16,1.9945273369148806,1.0,0.0,1.0,1.0,1.0,0.0012094852968125786,1.0,0.0
spoofs only,2,3,8,1.699448527185257,1.0,0.0,1.0,1.0,1.0,0.0013438725520139763,1.0,0.0
spoofs only,2,3,16,1.699448527185257,1.0,0.0,1.0,1.0,1.0,0.0013438725520139763,1.0,0.0
spoofs only,2,4,8,0.6073565343072903,1.0,0.0,1.0,1.0,1.0,0.0013438725520139763,1.0,0.0
spoofs only,2,4,16,0.6073565343072903,1.0,0.0,1.0,1.0,1.0,0.0013438725520139763,1.0,0.0
spoofs only,2,5,8,2.022168438311106,1.0,0.0,0.9166666666666666,1.0,1.0,0.0013194385056137221,1.0,0.0
spoofs only,2,5,16,2.022168438311106,1.0,0.0,1.0,1.0,1.0,0.0013194385056137221,1.0,0.0
spoofs only,2,6,8,2.2229600331063994,1.0,0.0,1.0,1.0,1.0,0.0013438725520139763,0.9967948717948718,0.0
spoofs only,2,6,16,2.2229600331063994,1.0,0.0,1.0,1.0,1.0,0.0013438725520139763,0.9743589743589743,0.0
spoofs only,2,7,8,1.6420703204239593,1.0,0.0,0.9166666666666666,1.0,1.0,0.001270570412813214,1.0,0.0
spoofs only,2,7,16,1.6420703204239593,1.0,0.0,1.0,1.0,1.0,0.001270570412813214,1.0,0.0
spoofs only,2,8,8,1.5287529960271784,1.0,0.0,0.5833333333333334,1.0,1.0,0.0011850512504123245,1.0,0.0
spoofs only,2,8,16,1.5287529960271784,1.0,0.0,1.0,1.0,1.0,0.0011850512504123245,1.0,0.0
spoofs only,2,9,8,1.6830161323652404,1.0,0.0,1.0,1.0,1.0,0.0013805236216143575,1.0,0.0
spoofs only,2,9,16,1.6830161323652404,1.0,0.0,1.0,1.0,1.0,0.0013805236216143575,1.0,0.0
spoofs only,2,10,8,1.7013783971720913,1.0,0.0,1.0,1.0,1.0,0.0013194385056137221,1.0,0.0
spoofs only,2,10,16,1.7013783971720913,1.0,0.0,1.0,1.0,1.0,0.0013194385056137221,1.0,0.0
spoofs only,2,11,8,2.0098233849507703,1.0,0.0,0.9166666666666666,1.0,1.0,0.0012094852968125786,1.0,0.0
spoofs only,2,11,16,2.0098233849507703,1.0,0.0,1.0,1.0,1.0,0.0012094852968125786,1.0,0.0
spoofs only,2,12,8,0.9545607315513145,1.0,0.0,0.25,1.0,1.0,0.0013438725520139763,1.0,0.0
spoofs only,2,12,16,0.9545607315513145,1.0,0.3,1.0,1.0,1.0,0.0013438725520139763,1.0,0.0
spoofs only,2,13,8,2.1493555482496443,1.0,0.0,1.0,1.0,1.0,0.0013438725520139763,1.0,0.0
spoofs only,2,13,16,2.1493555482496443,1.0,0.0,1.0,1.0,1.0,0.0013438725520139763,1.0,0.0
spoofs only,2,14,8,1.6099443867175642,1.0,0.0,1.0,1.0,1.0,0.0012583533896130868,1.0,0.0
spoofs only,2,14,16,1.6099443867175642,1.0,0.0,1.0,1.0,1.0,0.0012583533896130868,1.0,0.0
spoofs only,2,15,8,1.412152596341168,1.0,0.0,0.4166666666666667,1.0,1.0,0.0012094852968125786,1.0,0.0
spoofs only,2,15,16,1.412152596341168,1.0,0.05,1.0,1.0,1.0,0.0012094852968125786,1.0,0.0
spoofs only,2,16,8,1.6867899441879959,1.0,0.0,1.0,1.0,1.0,0.001307221482413595,1.0,0.0
spoofs only,2,16,16,1.6867899441879959,1.0,0.0,1.0,1.0,1.0,0.001307221482413595,1.0,0.0
spoofs only,2,17,8,1.534017173295719,1.0,0.0,1.0,1.0,1.0,0.0014293917144148657,1.0,0.0
spoofs only,2,17,16,1.534017173295719,1.0,0.0,1.0,1.0,1.0,0.0014293917144148657,0.9903846153846154,0.0
spoofs only,2,18,8,1.6435107145353733,1.0,0.0,0.9166666666666666,1.0,1.0,0.001270570412813214,1.0,0.0
spoofs only,2,18,16,1.6435107145353733,1.0,0.0,1.0,1.0,1.0,0.001270570412813214,1.0,0.0
spoofs only,2,19,8,1.8585615076355602,1.0,0.0,0.75,1.0,1.0,0.001270570412813214,1.0,0.0
spoofs only,2,19,16,1.8585615076355602,1.0,0.05,1.0,1.0,1.0,0.001270570412813214,1.0,0.0
spoofs only,2,20,8,1.4953589411944184,1.0,0.0,0.3333333333333333,1.0,1.0,0.0013194385056137221,1.0,0.0
spoofs only,2,20,16,1.4953589411944184,1.0,0.25,1.0,1.0,1.0,0.0013194385056137221,1.0,0.0
spoofs only,2,21,8,0.6359306506660366,1.0,0.0,1.0,1.0,1.0,0.001307221482413595,1.0,0.0
spoofs only,2,21,16,0.6359306506660366,1.0,0.0,1.0,1.0,1.0,0.001307221482413595,1.0,0.0
spoofs only,2,22,8,2.0586284329599787,1.0,0.0,1.0,1.0,1.0,0.001307221482413595,1.0,0.0
spoofs only,2,22,16,2.0586284329599787,1.0,0.0,1.0,1.0,1.0,0.001307221482413595,1.0,0.0
spoofs only,2,23,8,1.637417090486067,1.0,0.0,0.9166666666666666,1.0,1.0,0.001270570412813214,1.0,0.0
spoofs only,2,23,16,1.637417090486067,1.0,0.0,1.0,1.0,1.0,0.001270570412813214,1.0,0.0
spoofs only,2,24,8,1.5182556629515405,1.0,0.0,0.5,1.0,1.0,0.0011728342272121974,1.0,0.0
spoofs only,2,24,16,1.5182556629515405,1.0,0.0,1.0,1.0,1.0,0.0011728342272121974,1.0,0.0
spoofs only,2,25,8,1.5529369913981883,1.0,0.0,0.3333333333333333,1.0,1.0,0.001307221482413595,1.0,0.0
spoofs only,2,25,16,1.5529369913981883,1.0,0.25,1.0,1.0,1.0,0.001307221482413595,1.0,0.0
spoofs only,2,26,8,2.0338968552169487,1.0,0.0,0.9166666666666666,1.0,1.0,0.001270570412813214,1.0,0.0
spoofs only,2,26,16,2.0338968552169487,1.0,0.0,1.0,1.0,1.0,0.001270570412813214,1.0,0.0
spoofs only,2,27,8,1.6141183155450887,1.0,0.0,1.0,1.0,1.0,0.001270570412813214,1.0,0.0
spoofs only,2,27,16,1.6141183155450887,1.0,0.0,1.0,1.0,1.0,0.001270570412813214,1.0,0.0
spoofs only,2,28,8,1.5423108301196364,1.0,0.0,1.0,1.0,1.0,0.0014416087376149928,1.0,0.0
spoofs only,2,28,16,1.5423108301196364,1.0,0.0,1.0,1.0,1.0,0.0014416087376149928,0.9967948717948718,0.0
spoofs only,2,29,8,1.2771969662797336,1.0,0.0,0.5833333333333334,1.0,1.0,0.001282787436013341,1.0,0.0
spoofs only,2,29,16,1.2771969662797336,1.0,0.15,1.0,1.0,1.0,0.001282787436013341,1.0,0.0
spoofs only,5,0,8,1.774278018142566,1.0,0.0,1.0,1.0,1.0,0.0013560895752141033,1.0,0.0
spoofs only,5,0,16,1.774278018142566,1.0,0.0,1.0,1.0,1.0,0.0013560895752141033,1.0,0.0
spoofs only,5,1,8,1.3531690281993962,1.0,0.0,0.75,1.0,1.0,0.0012583533896130868,1.0,0.0
spoofs only,5,1,16,1.3531690281993962,1.0,0.0,1.0,1.0,1.0,0.0012583533896130868,1.0,0.0
spoofs only,5,2,8,1.8017885379006315,1.0,0.0,1.0,1.0,1.0,0.0013194385056137221,1.0,0.0
spoofs only,5,2,16,1.8017885379006315,1.0,0.0,1.0,1.0,1.0,0.0013194385056137221,1.0,0.0
spoofs only,5,3,8,1.969315120931498,1.0,0.0,1.0,1.0,1.0,0.0013805236216143575,1.0,0.0
spoofs only,5,3,16,1.969315120931498,1.0,0.0,1.0,1.0,1.0,0.0013805236216143575,1.0,0.0
spoofs only,5,4,8,0.645309730243775,1.0,0.0,1.0,1.0,1.0,0.0013805236216143575,1.0,0.0
spoofs only,5,4,16,0.645309730243775,1.0,0.0,1.0,1.0,1.0,0.0013805236216143575,1.0,0.0
spoofs only,5,5,8,1.7985597413781633,1.0,0.0,0.75,1.0,1.0,0.0012094852968125786,1.0,0.0
spoofs only,5,5,16,1.7985597413781633,1.0,0.0,1.0,1.0,1.0,0.0012094852968125786,1.0,0.0
spoofs only,5,6,8,1.672592658098527,1.0,0.0,0.6666666666666666,1.0,1.0,0.0012094852968125786,1.0,0.0
spoofs only,5,6,16,1.672592658098527,1.0,0.05,1.0,1.0,1.0,0.0012094852968125786,1.0,0.0
spoofs only,5,7,8,1.7298139488313047,1.0,0.0,0.9166666666666666,1.0,1.0,0.0012094852968125786,1.0,0.0
spoofs only,5,7,16,1.7298139488313047,1.0,0.0,1.0,1.0,1.0,0.0012094852968125786,1.0,0.0
spoofs only,5,8,8,1.1514225774764402,1.0,0.0,0.9166666666666666,1.0,1.0,0.001282787436013341,1.0,0.0
spoofs only,5,8,16,1.1514225774764402,1.0,0.0,1.0,1.0,1.0,0.001282787436013341,1.0,0.0
spoofs only,5,9,8,1.8040865351926358,1.0,0.0,1.0,1.0,1.0,0.0013316555288138492,1.0,0.0
spoofs only,5,9,16,1.8040865351926358,1.0,0.0,1.0,1.0,1.0,0.0013316555288138492,1.0,0.0
spoofs only,5,10,8,1.0453791233706389,1.0,0.0,0.3333333333333333,1.0,1.0,0.001307221482413595,1.0,0.0
spoofs only,5,10,16,1.0453791233706389,1.0,0.25,1.0,1.0,1.0,0.001307221482413595,1.0,0.0
spoofs only,5,11,8,1.5646792126396538,1.0,0.0,1.0,1.0,1.0,0.0013316555288138492,1.0,0.0
spoofs only,5,11,16,1.5646792126396538,1.0,0.0,1.0,1.0,1.0,0.0013316555288138492,1.0,0.0
spoofs only,5,12,8,0.7919010392461997,1.0,0.0,0.3333333333333333,1.0,1.0,0.001282787436013341,1.0,0.0
spoofs only,5,12,16,0.7919010392461997,1.0,0.15,1.0,1.0,1.0,0.001282787436013341,1.0,0.0
spoofs only,5,13,8,1.7802989496625239,1.0,0.0,1.0,1.0,1.0,0.001295004459213468,1.0,0.0
spoofs only,5,13,16,1.7802989496625239,1.0,0.0,1.0,1.0,1.0,0.001295004459213468,1.0,0.0
spoofs only,5,14,8,1.8615617032779093,1.0,0.0,0.9166666666666666,1.0,1.0,0.001282787436013341,1.0,0.0
spoofs only,5,14,16,1.8615617032779093,1.0,0.0,1.0,1.0,1.0,0.001282787436013341,1.0,0.0
spoofs only,5,15,8,1.7232486472390292,1.0,0.0,0.75,1.0,1.0,0.0011728342272121974,1.0,0.0
spoofs only,5,15,16,1.7232486472390292,1.0,0.0,1.0,1.0,1.0,0.0011728342272121974,1.0,0.0
spoofs only,5,16,8,0.605336317863148,1.0,0.0,1.0,1.0,1.0,0.001282787436013341,1.0,0.0
spoofs only,5,16,16,0.605336317863148,1.0,0.0,1.0,1.0,1.0,0.001282787436013341,1.0,0.0
spoofs only,5,17,8,1.794330553924022,1.0,0.0,1.0,1.0,1.0,0.0013194385056137221,1.0,0.0
spoofs only,5,17,16,1.794330553924022,1.0,0.0,1.0,1.0,1.0,0.0013194385056137221,1.0,0.0
spoofs only,5,18,8,1.6413932811033625,1.0,0.0,0.9166666666666666,1.0,1.0,0.001270570412813214,1.0,0.0
spoofs only,5,18,16,1.6413932811033625,1.0,0.0,1.0,1.0,1.0,0.001270570412813214,1.0,0.0
spoofs only,5,19,8,2.0141436416472644,1.0,0.0,1.0,1.0,1.0,0.001307221482413595,1.0,0.0
spoofs only,5,19,16,2.0141436416472644,1.0,0.0,1.0,1.0,1.0,0.001307221482413595,1.0,0.0
spoofs only,5,20,8,1.7168061921253999,1.0,0.0,0.9166666666666666,1.0,1.0,0.0012339193432128327,1.0,0.0
spoofs only,5,20,16,1.7168061921253999,1.0,0.0,1.0,1.0,1.0,0.0012339193432128327,1.0,0.0
spoofs only,5,21,8,1.8788588390187175,1.0,0.0,0.9166666666666666,1.0,1.0,0.001270570412813214,1.0,0.0
spoofs only,5,21,16,1.8788588390187175,1.0,0.0,1.0,1.0,1.0,0.001270570412813214,1.0,0.0
spoofs only,5,22,8,1.7592983702045948,1.0,0.0,0.75,1.0,1.0,0.0012217023200127056,1.0,0.0
spoofs only,5,22,16,1.7592983702045948,1.0,0.0,1.0,1.0,1.0,0.0012217023200127056,1.0,0.0
spoofs only,5,23,8,1.2171510531186205,1.0,0.0,1.0,1.0,1.0,0.0013438725520139763,1.0,0.0
spoofs only,5,23,16,1.2171510531186205,1.0,0.0,1.0,1.0,1.0,0.0013438725520139763,1.0,0.0
spoofs only,5,24,8,0.8183065112215071,1.0,0.0,0.5,1.0,1.0,0.001307221482413595,1.0,0.0
spoofs only,5,24,16,0.8183065112215071,1.0,0.15,1.0,1.0,1.0,0.001307221482413595,1.0,0.0
spoofs only,5,25,8,1.9283143706286012,1.0,0.0,0.75,1.0,1.0,0.0012217023200127056,1.0,0.0
spoofs only,5,25,16,1.9283143706286012,1.0,0.0,1.0,1.0,1.0,0.0012217023200127056,1.0,0.0
spoofs only,5,26,8,1.4876979145844922,1.0,0.0,0.9166666666666666,1.0,1.0,0.001307221482413595,1.0,0.0
spoofs only,5,26,16,1.4876979145844922,1.0,0.0,1.0,1.0,1.0,0.001307221482413595,1.0,0.0
spoofs only,5,27,8,1.71504115881061,1.0,0.0,1.0,1.0,1.0,0.001307221482413595,1.0,0.0
spoofs only,5,27,16,1.71504115881061,1.0,0.0,1.0,1.0,1.0,0.001307221482413595,1.0,0.0
spoofs only,5,28,8,1.2038865372086762,1.0,0.0,0.4166666666666667,1.0,1.0,0.0012583533896130868,1.0,0.0
spoofs only,5,28,16,1.2038865372086762,1.0,0.15,1.0,1.0,1.0,0.0012583533896130868,1.0,0.0
spoofs only,5,29,8,1.6789659562759205,1.0,0.0,0.9166666666666666,1.0,1.0,0.001295004459213468,1.0,0.0
spoofs only,5,29,16,1.6789659562759205,1.0,0.0,1.0,1.0,1.0,0.001295004459213468,1.0,0.0
spoofs only,10,0,8,1.6614120198184137,1.0,0.0,0.9166666666666666,1.0,1.0,0.001270570412813214,1.0,0.0
spoofs only,10,0,16,1.6614120198184137,1.0,0.0,1.0,1.0,1.0,0.001270570412813214,1.0,0.0
spoofs only,10,1,8,1.6457641632128084,1.0,0.0,0.75,1.0,1.0,0.0012217023200127056,1.0,0.0
spoofs only,10,1,16,1.6457641632128084,1.0,0.0,1.0,1.0,1.0,0.0012217023200127056,1.0,0.0
spoofs only,10,2,8,1.6750452130475442,1.0,0.0,0.9166666666666666,1.0,1.0,0.001282787436013341,1.0,0.0
spoofs only,10,2,16,1.6750452130475442,1.0,0.0,1.0,1.0,1.0,0.001282787436013341,1.0,0.0
spoofs only,10,3,8,1.6600472300638591,1.0,0.0,0.9166666666666666,1.0,1.0,0.001270570412813214,1.0,0.0
spoofs only,10,3,16,1.6600472300638591,1.0,0.0,1.0,1.0,1.0,0.001270570412813214,1.0,0.0
spoofs only,10,4,8,1.7107593579506442,1.0,0.0,0.9166666666666666,1.0,1.0,0.001307221482413595,1.0,0.0
spoofs only,10,4,16,1.7107593579506442,1.0,0.0,1.0,1.0,1.0,0.001307221482413595,1.0,0.0
spoofs only,10,5,8,1.5311820191358538,1.0,0.0,0.8333333333333334,1.0,1.0,0.0011972682736124515,1.0,0.0
spoofs only,10,5,16,1.5311820191358538,1.0,0.0,1.0,1.0,1.0,0.0011972682736124515,1.0,0.0
spoofs only,10,6,8,1.7256765842424309,1.0,0.0,0.8333333333333334,1.0,1.0,0.0012461363664129598,1.0,0.0
spoofs only,10,6,16,1.7256765842424309,1.0,0.0,1.0,1.0,1.0,0.0012461363664129598,1.0,0.0
spoofs only,10,7,8,1.3491432954009739,1.0,0.0,0.9166666666666666,1.0,1.0,0.0013194385056137221,1.0,0.0
spoofs only,10,7,16,1.3491432954009739,1.0,0.0,1.0,1.0,1.0,0.0013194385056137221,1.0,0.0
spoofs only,10,8,8,1.5708255098377466,1.0,0.0,1.0,1.0,1.0,0.0013316555288138492,1.0,0.0
spoofs only,10,8,16,1.5708255098377466,1.0,0.0,1.0,1.0,1.0,0.0013316555288138492,1.0,0.0
spoofs only,10,9,8,1.62320277725747,1.0,0.0,0.9166666666666666,1.0,1.0,0.001270570412813214,1.0,0.0
spoofs only,10,9,16,1.62320277725747,1.0,0.0,1.0,1.0,1.0,0.001270570412813214,1.0,0.0
spoofs only,10,10,8,1.4254254617698796,1.0,0.0,0.8333333333333334,1.0,1.0,0.0012094852968125786,1.0,0.0
spoofs only,10,10,16,1.4254254617698796,1.0,0.0,1.0,1.0,1.0,0.0012094852968125786,1.0,0.0
spoofs only,10,11,8,1.555194448323727,1.0,0.0,1.0,1.0,1.0,0.0013805236216143575,1.0,0.0
spoofs only,10,11,16,1.555194448323727,1.0,0.0,1.0,1.0,1.0,0.0013805236216143575,1.0,0.0
spoofs only,10,12,8,1.8162947448454798,1.0,0.0,0.9166666666666666,1.0,1.0,0.001270570412813214,1.0,0.0
spoofs only,10,12,16,1.8162947448454798,1.0,0.0,1.0,1.0,1.0,0.001270570412813214,1.0,0.0
spoofs only,10,13,8,1.8842873577566792,1.0,0.0,0.9166666666666666,1.0,1.0,0.0012461363664129598,1.0,0.0
spoofs only,10,13,16,1.8842873577566792,1.0,0.0,1.0,1.0,1.0,0.0012461363664129598,1.0,0.0
spoofs only,10,14,8,1.4051406764271914,1.0,0.0,0.75,1.0,1.0,0.0012217023200127056,1.0,0.0
spoofs only,10,14,16,1.4051406764271914,1.0,0.0,1.0,1.0,1.0,0.0012217023200127056,1.0,0.0
spoofs only,10,15,8,1.770709982629277,1.0,0.0,1.0,1.0,1.0,0.0013438725520139763,1.0,0.0
spoofs only,10,15,16,1.770709982629277,1.0,0.0,1.0,1.0,1.0,0.0013438725520139763,1.0,0.0
spoofs only,10,16,8,1.56953906242531,1.0,0.0,0.9166666666666666,1.0,1.0,0.0012339193432128327,1.0,0.0
spoofs only,10,16,16,1.56953906242531,1.0,0.0,1.0,1.0,1.0,0.0012339193432128327,1.0,0.0
spoofs only,10,17,8,1.4188621728504982,1.0,0.0,0.9166666666666666,1.0,1.0,0.001270570412813214,1.0,0.0
spoofs only,10,17,16,1.4188621728504982,1.0,0.0,1.0,1.0,1.0,0.001270570412813214,1.0,0.0
spoofs only,10,18,8,1.501325722202658,1.0,0.0,0.8333333333333334,1.0,1.0,0.0012461363664129598,1.0,0.0
spoofs only,10,18,16,1.501325722202658,1.0,0.0,1.0,1.0,1.0,0.0012461363664129598,1.0,0.0
spoofs only,10,19,8,1.4704651661421508,1.0,0.0,0.9166666666666666,1.0,1.0,0.0013194385056137221,1.0,0.0
spoofs only,10,19,16,1.4704651661421508,1.0,0.0,1.0,1.0,1.0,0.0013194385056137221,1.0,0.0
spoofs only,10,20,8,1.8576532318247592,1.0,0.0,0.9166666666666666,1.0,1.0,0.0012094852968125786,1.0,0.0
spoofs only,10,20,16,1.8576532318247592,1.0,0.0,1.0,1.0,1.0,0.0012094852968125786,1.0,0.0
spoofs only,10,21,8,1.5020581507218422,1.0,0.0,0.9166666666666666,1.0,1.0,0.001282787436013341,1.0,0.0
spoofs only,10,21,16,1.5020581507218422,1.0,0.0,1.0,1.0,1.0,0.001282787436013341,1.0,0.0
spoofs only,10,22,8,1.3595186517357067,1.0,0.0,0.9166666666666666,1.0,1.0,0.0011972682736124515,1.0,0.0
spoofs only,10,22,16,1.3595186517357067,1.0,0.0,1.0,1.0,1.0,0.0011972682736124515,1.0,0.0
spoofs only,10,23,8,1.5630798676463282,1.0,0.0,1.0,1.0,1.0,0.0013560895752141033,1.0,0.0
spoofs only,10,23,16,1.5630798676463282,1.0,0.0,1.0,1.0,1.0,0.0013560895752141033,1.0,0.0
spoofs only,10,24,8,1.3932854056420967,1.0,0.0,0.5833333333333334,1.0,1.0,0.0012094852968125786,1.0,0.0
spoofs only,10,24,16,1.3932854056420967,1.0,0.05,1.0,1.0,1.0,0.0012094852968125786,1.0,0.0
spoofs only,10,25,8,1.7763265842317084,1.0,0.0,0.9166666666666666,1.0,1.0,0.001270570412813214,1.0,0.0
spoofs only,10,25,16,1.7763265842317084,1.0,0.0,1.0,1.0,1.0,0.001270570412813214,1.0,0.0
spoofs only,10,26,8,1.6520543506366105,1.0,0.0,0.8333333333333334,1.0,1.0,0.001270570412813214,1.0,0.0
spoofs only,10,26,16,1.6520543506366105,1.0,0.0,1.0,1.0,1.0,0.001270570412813214,1.0,0.0
spoofs only,10,27,8,1.7295663769693133,1.0,0.0,0.9166666666666666,1.0,1.0,0.001295004459213468,1.0,0.0
spoofs only,10,27,16,1.7295663769693133,1.0,0.0,1.0,1.0,1.0,0.001295004459213468,1.0,0.0
spoofs only,10,28,8,1.6481000286326444,1.0,0.0,0.9166666666666666,1.0,1.0,0.0012461363664129598,1.0,0.0
spoofs only,10,28,16,1.6481000286326444,1.0,0.0,1.0,1.0,1.0,0.0012461363664129598,1.0,0.0
spoofs only,10,29,8,1.6357620424288408,1.0,0.0,1.0,1.0,1.0,0.001282787436013341,1.0,0.0
spoofs only,10,29,16,1.6357620424288408,1.0,0.0,1.0,1.0,1.0,0.001282787436013341,1.0,0.0
spoofs only,20,0,8,1.4983726885819977,1.0,0.0,1.0,1.0,1.0,0.001307221482413595,1.0,0.0
spoofs only,20,0,16,1.4983726885819977,1.0,0.0,1.0,1.0,1.0,0.001307221482413595,1.0,0.0
spoofs only,20,1,8,1.6971845875288807,1.0,0.0,0.9166666666666666,1.0,1.0,0.001282787436013341,1.0,0.0
spoofs only,20,1,16,1.6971845875288807,1.0,0.0,1.0,1.0,1.0,0.001282787436013341,1.0,0.0
spoofs only,20,2,8,1.688995140853638,1.0,0.0,1.0,1.0,1.0,0.001307221482413595,1.0,0.0
spoofs only,20,2,16,1.688995140853638,1.0,0.0,1.0,1.0,1.0,0.001307221482413595,1.0,0.0
spoofs only,20,3,8,1.5511300049157712,1.0,0.0,0.9166666666666666,1.0,1.0,0.0012217023200127056,1.0,0.0
spoofs only,20,3,16,1.5511300049157712,1.0,0.0,1.0,1.0,1.0,0.0012217023200127056,1.0,0.0
spoofs only,20,4,8,1.6562315804134904,1.0,0.0,1.0,1.0,1.0,0.001282787436013341,1.0,0.0
spoofs only,20,4,16,1.6562315804134904,1.0,0.0,1.0,1.0,1.0,0.001282787436013341,1.0,0.0
spoofs only,20,5,8,1.6744118163909607,1.0,0.0,0.9166666666666666,1.0,1.0,0.0012461363664129598,1.0,0.0
spoofs only,20,5,16,1.6744118163909607,1.0,0.0,1.0,1.0,1.0,0.0012461363664129598,1.0,0.0
spoofs only,20,6,8,1.5174486712829873,1.0,0.0,0.8333333333333334,1.0,1.0,0.0012461363664129598,1.0,0.0
spoofs only,20,6,16,1.5174486712829873,1.0,0.0,1.0,1.0,1.0,0.0012461363664129598,1.0,0.0
spoofs only,20,7,8,1.747981692047324,1.0,0.0,0.9166666666666666,1.0,1.0,0.001295004459213468,1.0,0.0
spoofs only,20,7,16,1.747981692047324,1.0,0.0,1.0,1.0,1.0,0.001295004459213468,1.0,0.0
spoofs only,20,8,8,1.7685448488991773,1.0,0.0,1.0,1.0,1.0,0.0013560895752141033,1.0,0.0
spoofs only,20,8,16,1.7685448488991773,1.0,0.0,1.0,1.0,1.0,0.0013560895752141033,1.0,0.0
spoofs only,20,9,8,1.6304342399375764,1.0,0.0,0.9166666666666666,1.0,1.0,0.0013194385056137221,1.0,0.0
spoofs only,20,9,16,1.6304342399375764,1.0,0.0,1.0,1.0,1.0,0.0013194385056137221,1.0,0.0
spoofs only,20,10,8,1.4777776089321955,1.0,0.0,0.9166666666666666,1.0,1.0,0.0012583533896130868,1.0,0.0
spoofs only,20,10,16,1.4777776089321955,1.0,0.0,1.0,1.0,1.0,0.0012583533896130868,1.0,0.0
spoofs only,20,11,8,1.5557730159179972,1.0,0.0,1.0,1.0,1.0,0.0013194385056137221,1.0,0.0
spoofs only,20,11,16,1.5557730159179972,1.0,0.0,1.0,1.0,1.0,0.0013194385056137221,1.0,0.0
spoofs only,20,12,8,1.6966179087555693,1.0,0.0,0.9166666666666666,1.0,1.0,0.001307221482413595,1.0,0.0
spoofs only,20,12,16,1.6966179087555693,1.0,0.0,1.0,1.0,1.0,0.001307221482413595,1.0,0.0
spoofs only,20,13,8,1.4283324522863263,1.0,0.0,0.9166666666666666,1.0,1.0,0.001295004459213468,1.0,0.0
spoofs only,20,13,16,1.4283324522863263,1.0,0.0,1.0,1.0,1.0,0.001295004459213468,1.0,0.0
spoofs only,20,14,8,1.5506613605428077,1.0,0.0,0.9166666666666666,1.0,1.0,0.0012461363664129598,1.0,0.0
spoofs only,20,14,16,1.5506613605428077,1.0,0.0,1.0,1.0,1.0,0.0012461363664129598,1.0,0.0
spoofs only,20,15,8,1.6429264776930952,1.0,0.0,1.0,1.0,1.0,0.001282787436013341,1.0,0.0
spoofs only,20,15,16,1.6429264776930952,1.0,0.0,1.0,1.0,1.0,0.001282787436013341,1.0,0.0
spoofs only,20,16,8,1.4830516126456885,1.0,0.0,0.9166666666666666,1.0,1.0,0.001295004459213468,1.0,0.0
spoofs only,20,16,16,1.4830516126456885,1.0,0.0,1.0,1.0,1.0,0.001295004459213468,1.0,0.0
spoofs only,20,17,8,1.5612515927397463,1.0,0.0,0.9166666666666666,1.0,1.0,0.001307221482413595,1.0,0.0
spoofs only,20,17,16,1.5612515927397463,1.0,0.0,1.0,1.0,1.0,0.001307221482413595,1.0,0.0
spoofs only,20,18,8,1.4693286367838763,1.0,0.0,0.9166666666666666,1.0,1.0,0.0012583533896130868,1.0,0.0
spoofs only,20,18,16,1.4693286367838763,1.0,0.0,1.0,1.0,1.0,0.0012583533896130868,1.0,0.0
spoofs only,20,19,8,1.562085177607249,1.0,0.0,1.0,1.0,1.0,0.0013194385056137221,1.0,0.0
spoofs only,20,19,16,1.562085177607249,1.0,0.0,1.0,1.0,1.0,0.0013194385056137221,1.0,0.0
spoofs only,20,20,8,1.6444608142044461,1.0,0.0,1.0,1.0,1.0,0.001307221482413595,1.0,0.0
spoofs only,20,20,16,1.6444608142044461,1.0,0.0,1.0,1.0,1.0,0.001307221482413595,1.0,0.0
spoofs only,20,21,8,1.7468136530608973,1.0,0.0,1.0,1.0,1.0,0.0013194385056137221,1.0,0.0
spoofs only,20,21,16,1.7468136530608973,1.0,0.0,1.0,1.0,1.0,0.0013194385056137221,1.0,0.0
spoofs only,20,22,8,1.5872120875406948,1.0,0.0,0.9166666666666666,1.0,1.0,0.001295004459213468,1.0,0.0
spoofs only,20,22,16,1.5872120875406948,1.0,0.0,1.0,1.0,1.0,0.001295004459213468,1.0,0.0
spoofs only,20,23,8,1.944618852460902,1.0,0.0,0.9166666666666666,1.0,1.0,0.0013194385056137221,1.0,0.0
spoofs only,20,23,16,1.944618852460902,1.0,0.0,1.0,1.0,1.0,0.0013194385056137221,1.0,0.0
spoofs only,20,24,8,1.5749214047012672,1.0,0.0,0.9166666666666666,1.0,1.0,0.0012217023200127056,1.0,0.0
spoofs only,20,24,16,1.5749214047012672,1.0,0.0,1.0,1.0,1.0,0.0012217023200127056,1.0,0.0
spoofs only,20,25,8,1.4866507900203205,1.0,0.0,0.9166666666666666,1.0,1.0,0.0012339193432128327,1.0,0.0
spoofs only,20,25,16,1.4866507900203205,1.0,0.0,1.0,1.0,1.0,0.0012339193432128327,1.0,0.0
spoofs only,20,26,8,1.5724626197531317,1.0,0.0,0.9166666666666666,1.0,1.0,0.001270570412813214,1.0,0.0
spoofs only,20,26,16,1.5724626197531317,1.0,0.0,1.0,1.0,1.0,0.001270570412813214,1.0,0.0
spoofs only,20,27,8,1.6988451828725577,1.0,0.0,0.9166666666666666,1.0,1.0,0.001282787436013341,1.0,0.0
spoofs only,20,27,16,1.6988451828725577,1.0,0.0,1.0,1.0,1.0,0.001282787436013341,1.0,0.0
spoofs only,20,28,8,1.751272451119905,1.0,0.0,1.0,1.0,1.0,0.001295004459213468,1.0,0.0
spoofs only,20,28,16,1.751272451119905,1.0,0.0,1.0,1.0,1.0,0.001295004459213468,1.0,0.0
spoofs only,20,29,8,1.753652265387955,1.0,0.0,1.0,1.0,1.0,0.001307221482413595,1.0,0.0
spoofs only,20,29,16,1.753652265387955,1.0,0.0,1.0,1.0,1.0,0.001307221482413595,1.0,0.0
spoofs only,40,0,8,1.637313477009456,1.0,0.0,0.9166666666666666,1.0,1.0,0.001307221482413595,1.0,0.0
spoofs only,40,0,16,1.637313477009456,1.0,0.0,1.0,1.0,1.0,0.001307221482413595,1.0,0.0
spoofs only,40,1,8,1.5320726552231732,1.0,0.0,0.9166666666666666,1.0,1.0,0.001282787436013341,1.0,0.0
spoofs only,40,1,16,1.5320726552231732,1.0,0.0,1.0,1.0,1.0,0.001282787436013341,1.0,0.0
spoofs only,40,2,8,1.598522083655042,1.0,0.0,0.9166666666666666,1.0,1.0,0.001307221482413595,1.0,0.0
spoofs only,40,2,16,1.598522083655042,1.0,0.0,1.0,1.0,1.0,0.001307221482413595,1.0,0.0
spoofs only,40,3,8,1.6325397793505219,1.0,0.0,0.9166666666666666,1.0,1.0,0.001307221482413595,1.0,0.0
spoofs only,40,3,16,1.6325397793505219,1.0,0.0,1.0,1.0,1.0,0.001307221482413595,1.0,0.0
spoofs only,40,4,8,1.5957784686673973,1.0,0.0,0.9166666666666666,1.0,1.0,0.001307221482413595,1.0,0.0
spoofs only,40,4,16,1.5957784686673973,1.0,0.0,1.0,1.0,1.0,0.001307221482413595,1.0,0.0
spoofs only,40,5,8,1.6035014456078411,1.0,0.0,0.9166666666666666,1.0,1.0,0.001295004459213468,1.0,0.0
spoofs only,40,5,16,1.6035014456078411,1.0,0.0,1.0,1.0,1.0,0.001295004459213468,1.0,0.0
spoofs only,40,6,8,1.6450237378351242,1.0,0.0,0.9166666666666666,1.0,1.0,0.001307221482413595,1.0,0.0
spoofs only,40,6,16,1.6450237378351242,1.0,0.0,1.0,1.0,1.0,0.001307221482413595,1.0,0.0
spoofs only,40,7,8,1.570300631767877,1.0,0.0,0.9166666666666666,1.0,1.0,0.001295004459213468,1.0,0.0
spoofs only,40,7,16,1.570300631767877,1.0,0.0,1.0,1.0,1.0,0.001295004459213468,1.0,0.0
spoofs only,40,8,8,1.5726423103669338,1.0,0.0,0.9166666666666666,1.0,1.0,0.001295004459213468,1.0,0.0
spoofs only,40,8,16,1.5726423103669338,1.0,0.0,1.0,1.0,1.0,0.001295004459213468,1.0,0.0
spoofs only,40,9,8,1.6047938691352335,1.0,0.0,0.9166666666666666,1.0,1.0,0.001307221482413595,1.0,0.0
spoofs only,40,9,16,1.6047938691352335,1.0,0.0,1.0,1.0,1.0,0.001307221482413595,1.0,0.0
spoofs only,40,10,8,1.6347650345926312,1.0,0.0,0.9166666666666666,1.0,1.0,0.001307221482413595,1.0,0.0
spoofs only,40,10,16,1.6347650345926312,1.0,0.0,1.0,1.0,1.0,0.001307221482413595,1.0,0.0
spoofs only,40,11,8,1.5785176582023883,1.0,0.0,0.9166666666666666,1.0,1.0,0.001282787436013341,1.0,0.0
spoofs only,40,11,16,1.5785176582023883,1.0,0.0,1.0,1.0,1.0,0.001282787436013341,1.0,0.0
spoofs only,40,12,8,1.6094700220723528,1.0,0.0,1.0,1.0,1.0,0.001307221482413595,1.0,0.0
spoofs only,40,12,16,1.6094700220723528,1.0,0.0,1.0,1.0,1.0,0.001307221482413595,1.0,0.0
spoofs only,40,13,8,1.6116628586496815,1.0,0.0,0.9166666666666666,1.0,1.0,0.001307221482413595,1.0,0.0
spoofs only,40,13,16,1.6116628586496815,1.0,0.0,1.0,1.0,1.0,0.001307221482413595,1.0,0.0
spoofs only,40,14,8,1.61723086660931,1.0,0.0,1.0,1.0,1.0,0.001295004459213468,1.0,0.0
spoofs only,40,14,16,1.61723086660931,1.0,0.0,1.0,1.0,1.0,0.001295004459213468,1.0,0.0
spoofs only,40,15,8,1.617232905747424,1.0,0.0,0.9166666666666666,1.0,1.0,0.001307221482413595,1.0,0.0
spoofs only,40,15,16,1.617232905747424,1.0,0.0,1.0,1.0,1.0,0.001307221482413595,1.0,0.0
spoofs only,40,16,8,1.561819241781825,1.0,0.0,0.9166666666666666,1.0,1.0,0.001282787436013341,1.0,0.0
spoofs only,40,16,16,1.561819241781825,1.0,0.0,1.0,1.0,1.0,0.001282787436013341,1.0,0.0
spoofs only,40,17,8,1.6039633247446963,1.0,0.0,1.0,1.0,1.0,0.0013194385056137221,1.0,0.0
spoofs only,40,17,16,1.6039633247446963,1.0,0.0,1.0,1.0,1.0,0.0013194385056137221,1.0,0.0
spoofs only,40,18,8,1.637676766400306,1.0,0.0,0.9166666666666666,1.0,1.0,0.001307221482413595,1.0,0.0
spoofs only,40,18,16,1.637676766400306,1.0,0.0,1.0,1.0,1.0,0.001307221482413595,1.0,0.0
spoofs only,40,19,8,1.5926130546796344,1.0,0.0,0.9166666666666666,1.0,1.0,0.001295004459213468,1.0,0.0
spoofs only,40,19,16,1.5926130546796344,1.0,0.0,1.0,1.0,1.0,0.001295004459213468,1.0,0.0
spoofs only,40,20,8,1.5948699532325272,1.0,0.0,0.9166666666666666,1.0,1.0,0.001307221482413595,1.0,0.0
spoofs only,40,20,16,1.5948699532325272,1.0,0.0,1.0,1.0,1.0,0.001307221482413595,1.0,0.0
spoofs only,40,21,8,1.669200348306433,1.0,0.0,0.9166666666666666,1.0,1.0,0.001295004459213468,1.0,0.0
spoofs only,40,21,16,1.669200348306433,1.0,0.0,1.0,1.0,1.0,0.001295004459213468,1.0,0.0
spoofs only,40,22,8,1.6216068984171228,1.0,0.0,0.9166666666666666,1.0,1.0,0.001307221482413595,1.0,0.0
spoofs only,40,22,16,1.6216068984171228,1.0,0.0,1.0,1.0,1.0,0.001307221482413595,1.0,0.0
spoofs only,40,23,8,1.6682422060806532,1.0,0.0,0.9166666666666666,1.0,1.0,0.001307221482413595,1.0,0.0
spoofs only,40,23,16,1.6682422060806532,1.0,0.0,1.0,1.0,1.0,0.001307221482413595,1.0,0.0
spoofs only,40,24,8,1.5975853892915304,1.0,0.0,0.9166666666666666,1.0,1.0,0.001295004459213468,1.0,0.0
spoofs only,40,24,16,1.5975853892915304,1.0,0.0,1.0,1.0,1.0,0.001295004459213468,1.0,0.0
spoofs only,40,25,8,1.6623164383702704,1.0,0.0,0.9166666666666666,1.0,1.0,0.001295004459213468,1.0,0.0
spoofs only,40,25,16,1.6623164383702704,1.0,0.0,1.0,1.0,1.0,0.001295004459213468,1.0,0.0
spoofs only,40,26,8,1.565031570549282,1.0,0.0,1.0,1.0,1.0,0.001307221482413595,1.0,0.0
spoofs only,40,26,16,1.565031570549282,1.0,0.0,1.0,1.0,1.0,0.001307221482413595,1.0,0.0
spoofs only,40,27,8,1.6920909041863312,1.0,0.0,0.9166666666666666,1.0,1.0,0.001295004459213468,1.0,0.0
spoofs only,40,27,16,1.6920909041863312,1.0,0.0,1.0,1.0,1.0,0.001295004459213468,1.0,0.0
spoofs only,40,28,8,1.642115152372991,1.0,0.0,0.9166666666666666,1.0,1.0,0.001295004459213468,1.0,0.0
spoofs only,40,28,16,1.642115152372991,1.0,0.0,1.0,1.0,1.0,0.001295004459213468,1.0,0.0
spoofs only,40,29,8,1.5178067291066377,1.0,0.0,0.9166666666666666,1.0,1.0,0.001295004459213468,1.0,0.0
spoofs only,40,29,16,1.5178067291066377,1.0,0.0,1.0,1.0,1.0,0.001295004459213468,1.0,0.0
spoofs and honest large orders,1,0,8,1.0497827164405065,0.7307692307692307,0.0,0.0,0.08333333333333333,0.25,0.0008796256704091481,1.0,0.9875
spoofs and honest large orders,1,0,16,1.0497827164405065,1.0,0.3,0.0,1.0,1.0,0.0008796256704091481,1.0,0.9833333333333333
spoofs and honest large orders,1,1,8,1.7396308454163338,1.0,0.0,0.0,1.0,0.9583333333333334,0.0011850512504123245,1.0,0.8791666666666667
spoofs and honest large orders,1,1,16,1.7396308454163338,1.0,0.525,0.3333333333333333,1.0,1.0,0.0011850512504123245,1.0,0.70625
spoofs and honest large orders,1,2,8,1.9196421096868708,0.9230769230769231,0.0,0.0,0.4583333333333333,0.6666666666666666,0.0011239661344116891,1.0,0.975
spoofs and honest large orders,1,2,16,1.9196421096868708,1.0,0.375,0.0,1.0,1.0,0.0011239661344116891,1.0,0.9354166666666667
spoofs and honest large orders,1,3,8,3.2419847266999966,0.7307692307692307,0.0,0.0,0.125,0.25,0.0008429746008087669,1.0,0.7583333333333333
spoofs and honest large orders,1,3,16,3.2419847266999966,1.0,0.3,0.0,1.0,1.0,0.0008429746008087669,1.0,0.88125
spoofs and honest large orders,1,4,8,1.4277122958584159,0.8461538461538461,0.0,0.0,0.2916666666666667,0.5416666666666666,0.0009651448328100375,1.0,0.8333333333333334
spoofs and honest large orders,1,4,16,1.4277122958584159,1.0,0.3,0.0,1.0,1.0,0.0009651448328100375,1.0,0.9104166666666667
spoofs and honest large orders,1,5,8,2.7620182324124163,0.7307692307692307,0.0,0.0,0.16666666666666666,0.3333333333333333,0.0008429746008087669,1.0,0.7708333333333334
spoofs and honest large orders,1,5,16,2.7620182324124163,1.0,0.3,0.0,1.0,1.0,0.0008429746008087669,1.0,0.8791666666666667
spoofs and honest large orders,1,6,8,3.5766032188822527,0.7307692307692307,0.0,0.0,0.125,0.16666666666666666,0.0009651448328100375,1.0,0.8666666666666667
spoofs and honest large orders,1,6,16,3.5766032188822527,0.9615384615384616,0.3,0.0,1.0,1.0,0.0009651448328100375,1.0,0.9520833333333333
spoofs and honest large orders,1,7,8,1.0426358420762734,0.7692307692307693,0.0,0.0,0.125,0.375,0.0009284937632096564,1.0,0.9916666666666667
spoofs and honest large orders,1,7,16,1.0426358420762734,1.0,0.3,0.0,1.0,1.0,0.0009284937632096564,1.0,0.9645833333333333
spoofs and honest large orders,1,8,8,1.5686468756237846,0.7307692307692307,0.0,0.0,0.125,0.08333333333333333,0.0009284937632096564,1.0,0.8833333333333333
spoofs and honest large orders,1,8,16,1.5686468756237846,0.9615384615384616,0.3,0.0,1.0,1.0,0.0009284937632096564,1.0,0.95625
spoofs and honest large orders,1,9,8,1.0379144833218445,0.8846153846153846,0.0,0.0,0.2916666666666667,0.5833333333333334,0.0009895788792102917,1.0,0.975
spoofs and honest large orders,1,9,16,1.0379144833218445,1.0,0.3,0.0,1.0,1.0,0.0009895788792102917,1.0,0.9520833333333333
spoofs and honest large orders,1,10,8,1.427678629209086,0.8076923076923077,0.0,0.0,0.20833333333333334,0.4583333333333333,0.0008918426936092752,1.0,0.8916666666666667
spoofs and honest large orders,1,10,16,1.427678629209086,1.0,0.3,0.0,1.0,1.0,0.0008918426936092752,1.0,0.9354166666666667
spoofs and honest large orders,1,11,8,4.1030692957569315,0.7307692307692307,0.0,0.0,0.16666666666666666,0.25,0.0008796256704091481,1.0,0.7395833333333334
spoofs and honest large orders,1,11,16,4.1030692957569315,1.0,0.3,0.0,1.0,1.0,0.0008796256704091481,1.0,0.8625
spoofs and honest large orders,1,12,8,0.48427067497029586,0.8846153846153846,0.0,0.0,0.2916666666666667,0.6666666666666666,0.0009895788792102917,1.0,0.7916666666666666
spoofs and honest large orders,1,12,16,0.48427067497029586,1.0,0.3,0.0,1.0,1.0,0.0009895788792102917,1.0,0.88125
spoofs and honest large orders,1,13,8,1.2459362300499146,0.6923076923076923,0.0,0.0,0.125,0.08333333333333333,0.0008429746008087669,0.9967948717948718,0.83125
spoofs and honest large orders,1,13,16,1.2459362300499146,0.9230769230769231,0.2,0.0,0.75,0.7083333333333334,0.0008429746008087669,1.0,0.95
spoofs and honest large orders,1,14,8,2.4810628244820254,0.8846153846153846,0.0,0.0,0.2916666666666667,0.625,0.0009773618560101646,1.0,0.9729166666666667
spoofs and honest large orders,1,14,16,2.4810628244820254,1.0,0.3,0.0,1.0,1.0,0.0009773618560101646,1.0,0.91875
spoofs and honest large orders,1,15,8,2.1354144141096403,1.0,0.0,0.0,1.0,0.9583333333333334,0.0011361831576118162,1.0,0.8541666666666666
spoofs and honest large orders,1,15,16,2.1354144141096403,1.0,0.375,0.3333333333333333,1.0,1.0,0.0011361831576118162,1.0,0.6791666666666667
spoofs and honest large orders,1,16,8,0.7617859321206888,1.0,0.0,0.0,1.0,0.9583333333333334,0.0011117491112115623,1.0,0.75
spoofs and honest large orders,1,16,16,0.7617859321206888,1.0,0.15,0.4166666666666667,1.0,1.0,0.0011117491112115623,1.0,0.5833333333333334
spoofs and honest large orders,1,17,8,0.7327292742222893,1.0,0.0,0.0,1.0,0.9583333333333334,0.0012217023200127056,1.0,0.75
spoofs and honest large orders,1,17,16,0.7327292742222893,1.0,0.0,0.4166666666666667,1.0,1.0,0.0012217023200127056,1.0,0.5833333333333334
spoofs and honest large orders,1,18,8,3.2608944215845037,0.8461538461538461,0.0,0.0,0.2916666666666667,0.5416666666666666,0.0008918426936092752,1.0,0.6375
spoofs and honest large orders,1,18,16,3.2608944215845037,1.0,0.3,0.0,1.0,1.0,0.0008918426936092752,1.0,0.7791666666666667
spoofs and honest large orders,1,19,8,2.373598043701157,0.7692307692307693,0.0,0.0,0.16666666666666666,0.4166666666666667,0.0009040597168094022,1.0,0.6770833333333334
spoofs and honest large orders,1,19,16,2.373598043701157,1.0,0.3,0.0,1.0,1.0,0.0009040597168094022,1.0,0.8291666666666667
spoofs and honest large orders,1,20,8,0.7771552766770808,0.8076923076923077,0.0,0.0,0.20833333333333334,0.375,0.0011117491112115623,1.0,0.9958333333333333
spoofs and honest large orders,1,20,16,0.7771552766770808,1.0,0.375,0.0,1.0,1.0,0.0011117491112115623,1.0,0.98125
spoofs and honest large orders,1,21,8,2.320256805142604,0.9615384615384616,0.0,0.0,1.0,1.0,0.001050663995210927,1.0,0.8104166666666667
spoofs and honest large orders,1,21,16,2.320256805142604,1.0,0.3,0.08333333333333333,1.0,1.0,0.001050663995210927,1.0,0.7729166666666667
spoofs and honest large orders,1,22,8,3.2419847266999966,0.7307692307692307,0.0,0.0,0.125,0.25,0.0008429746008087669,1.0,0.7583333333333333
spoofs and honest large orders,1,22,16,3.2419847266999966,1.0,0.3,0.0,1.0,1.0,0.0008429746008087669,1.0,0.88125
spoofs and honest large orders,1,23,8,1.264499438625828,0.7692307692307693,0.0,0.0,0.16666666666666666,0.375,0.0009895788792102917,1.0,0.96875
spoofs and honest large orders,1,23,16,1.264499438625828,1.0,0.3,0.0,1.0,1.0,0.0009895788792102917,1.0,0.975
spoofs and honest large orders,1,24,8,0.9037844614853783,1.0,0.0,0.0,0.9166666666666666,0.9166666666666666,0.0010873150648113082,1.0,0.9020833333333333
spoofs and honest large orders,1,24,16,0.9037844614853783,1.0,0.375,0.25,1.0,1.0,0.0010873150648113082,1.0,0.75
spoofs and honest large orders,1,25,8,1.4966522476622226,0.6923076923076923,0.0,0.0,0.125,0.08333333333333333,0.0009040597168094022,1.0,0.8979166666666667
spoofs and honest large orders,1,25,16,1.4966522476622226,0.9230769230769231,0.3,0.0,0.75,0.75,0.0009040597168094022,1.0,0.9645833333333333
spoofs and honest large orders,1,26,8,2.0778815054657946,1.0,0.0,0.0,1.0,0.9583333333333334,0.0011850512504123245,1.0,0.75
spoofs and honest large orders,1,26,16,2.0778815054657946,1.0,0.15,0.4166666666666667,1.0,1.0,0.0011850512504123245,1.0,0.5833333333333334
spoofs and honest large orders,1,27,8,4.047808435186098,0.7692307692307693,0.0,0.0,0.16666666666666666,0.375,0.0009284937632096564,1.0,0.9375
spoofs and honest large orders,1,27,16,4.047808435186098,1.0,0.3,0.0,1.0,1.0,0.0009284937632096564,1.0,0.9583333333333334
spoofs and honest large orders,1,28,8,1.747606389993603,0.7307692307692307,0.0,0.0,0.125,0.2916666666666667,0.0010262299488106729,1.0,0.9979166666666667
spoofs and honest large orders,1,28,16,1.747606389993603,1.0,0.3,0.0,1.0,1.0,0.0010262299488106729,1.0,0.98125
spoofs and honest large orders,1,29,8,1.5866136076891966,0.6923076923076923,0.0,0.0,0.08333333333333333,0.08333333333333333,0.0008429746008087669,1.0,0.975
spoofs and honest large orders,1,29,16,1.5866136076891966,0.8846153846153846,0.2,0.0,0.7083333333333334,0.6666666666666666,0.0008429746008087669,1.0,0.9958333333333333
spoofs and honest large orders,2,0,8,2.976041478116576,0.7692307692307693,0.0,0.0,0.125,0.375,0.0009284937632096564,1.0,0.9645833333333333
spoofs and honest large orders,2,0,16,2.976041478116576,1.0,0.3,0.0,1.0,1.0,0.0009284937632096564,1.0,0.9645833333333333
spoofs and honest large orders,2,1,8,1.7750602438285,0.7307692307692307,0.0,0.0,0.08333333333333333,0.25,0.0008796256704091481,1.0,0.975
spoofs and honest large orders,2,1,16,1.7750602438285,1.0,0.3,0.0,1.0,1.0,0.0008796256704091481,1.0,0.9833333333333333
spoofs and honest large orders,2,2,8,0.8227222464949371,0.7307692307692307,0.0,0.0,0.16666666666666666,0.2916666666666667,0.0008796256704091481,1.0,0.975
spoofs and honest large orders,2,2,16,0.8227222464949371,1.0,0.3,0.0,1.0,1.0,0.0008796256704091481,1.0,0.98125
spoofs and honest large orders,2,3,8,0.9837599127678356,0.7307692307692307,0.0,0.0,0.16666666666666666,0.2916666666666667,0.0009040597168094022,1.0,0.9395833333333333
spoofs and honest large orders,2,3,16,0.9837599127678356,1.0,0.3,0.0,1.0,1.0,0.0009040597168094022,1.0,0.96875
spoofs and honest large orders,2,4,8,0.699330859564845,0.9615384615384616,0.0,0.0,0.9166666666666666,0.9166666666666666,0.0011239661344116891,1.0,0.94375
spoofs and honest large orders,2,4,16,0.699330859564845,1.0,0.375,0.08333333333333333,1.0,1.0,0.0011239661344116891,1.0,0.8125
spoofs and honest large orders,2,5,8,1.6902821694632573,1.0,0.0,0.0,1.0,1.0,0.0012094852968125786,1.0,0.75625
spoofs and honest large orders,2,5,16,1.6902821694632573,1.0,0.3,0.4166666666666667,1.0,1.0,0.0012094852968125786,1.0,0.5958333333333333
spoofs and honest large orders,2,6,8,1.6310955865722638,1.0,0.0,0.16666666666666666,1.0,0.9583333333333334,0.0011606172040120703,1.0,0.75
spoofs and honest large orders,2,6,16,1.6310955865722638,1.0,0.0,0.4166666666666667,1.0,1.0,0.0011606172040120703,1.0,0.5833333333333334
spoofs and honest large orders,2,7,8,2.219610469246637,0.7307692307692307,0.0,0.0,0.125,0.25,0.0009529278096099105,1.0,0.8395833333333333
spoofs and honest large orders,2,7,16,2.219610469246637,0.9615384615384616,0.3,0.0,1.0,1.0,0.0009529278096099105,1.0,0.94375
spoofs and honest large orders,2,8,8,2.0012442318027954,1.0,0.0,0.0,0.9166666666666666,0.9166666666666666,0.001050663995210927,1.0,0.8416666666666667
spoofs and honest large orders,2,8,16,2.0012442318027954,1.0,0.3,0.3333333333333333,1.0,1.0,0.001050663995210927,1.0,0.6666666666666666
spoofs and honest large orders,2,9,8,1.0370266087584108,0.7307692307692307,0.0,0.0,0.08333333333333333,0.08333333333333333,0.0009651448328100375,1.0,0.975
spoofs and honest large orders,2,9,16,1.0370266087584108,0.9230769230769231,0.3,0.0,0.75,0.875,0.0009651448328100375,1.0,0.9958333333333333
spoofs and honest large orders,2,10,8,2.1029735301078905,0.9230769230769231,0.0,0.0,0.4166666666666667,0.625,0.001075098041611181,1.0,0.95625
spoofs and honest large orders,2,10,16,2.1029735301078905,1.0,0.3,0.0,1.0,1.0,0.001075098041611181,1.0,0.925
spoofs and honest large orders,2,11,8,2.453903823534532,1.0,0.0,0.16666666666666666,1.0,0.9583333333333334,0.0013438725520139763,1.0,0.75
spoofs and honest large orders,2,11,16,2.453903823534532,1.0,0.0,0.4166666666666667,1.0,1.0,0.0013438725520139763,1.0,0.5833333333333334
spoofs and honest large orders,2,12,8,3.0078941793501395,0.6923076923076923,0.0,0.0,0.08333333333333333,0.08333333333333333,0.000855191624008894,1.0,0.96875
spoofs and honest large orders,2,12,16,3.0078941793501395,0.9615384615384616,0.3,0.0,0.875,0.9166666666666666,0.000855191624008894,1.0,0.9875
spoofs and honest large orders,2,13,8,0.7907595083293103,0.9615384615384616,0.0,0.0,0.7083333333333334,0.7916666666666666,0.0010140129256105458,1.0,0.9020833333333333
spoofs and honest large orders,2,13,16,0.7907595083293103,1.0,0.3,0.08333333333333333,1.0,1.0,0.0010140129256105458,1.0,0.79375
spoofs and honest large orders,2,14,8,2.080463190924487,0.6923076923076923,0.0,0.0,0.08333333333333333,0.08333333333333333,0.0008796256704091481,1.0,0.9541666666666667
spoofs and honest large orders,2,14,16,2.080463190924487,0.8846153846153846,0.15,0.0,0.7083333333333334,0.6666666666666666,0.0008796256704091481,1.0,0.9875
spoofs and honest large orders,2,15,8,2.3652236597660217,1.0,0.0,0.0,1.0,1.0,0.0011728342272121974,1.0,0.75625
spoofs and honest large orders,2,15,16,2.3652236597660217,1.0,0.3,0.4166666666666667,1.0,1.0,0.0011728342272121974,1.0,0.5958333333333333
spoofs and honest large orders,2,16,8,1.261009621080886,0.6923076923076923,0.0,0.0,0.125,0.08333333333333333,0.0008429746008087669,0.9967948717948718,0.8333333333333334
spoofs and honest large orders,2,16,16,1.261009621080886,0.9230769230769231,0.2,0.0,0.75,0.7083333333333334,0.0008429746008087669,1.0,0.95
spoofs and honest large orders,2,17,8,2.6127990395500094,0.7307692307692307,0.0,0.0,0.125,0.16666666666666666,0.0009773618560101646,1.0,0.9583333333333334
spoofs and honest large orders,2,17,16,2.6127990395500094,0.9615384615384616,0.3,0.0,1.0,1.0,0.0009773618560101646,1.0,0.9833333333333333
spoofs and honest large orders,2,18,8,2.209695674048284,0.7307692307692307,0.0,0.0,0.125,0.25,0.000855191624008894,1.0,0.8604166666666667
spoofs and honest large orders,2,18,16,2.209695674048284,1.0,0.3,0.0,1.0,1.0,0.000855191624008894,1.0,0.94375
spoofs and honest large orders,2,19,8,0.6496676344147696,0.5769230769230769,0.0,0.0,0.08333333333333333,0.041666666666666664,0.0008918426936092752,1.0,0.975
spoofs and honest large orders,2,19,16,0.6496676344147696,0.8076923076923077,0.15,0.0,0.7083333333333334,0.625,0.0008918426936092752,1.0,0.9958333333333333
spoofs and honest large orders,2,20,8,1.9504251553536738,0.9230769230769231,0.0,0.0,0.4583333333333333,0.6666666666666666,0.0012094852968125786,1.0,0.975
spoofs and honest large orders,2,20,16,1.9504251553536738,1.0,0.375,0.0,1.0,1.0,0.0012094852968125786,1.0,0.9458333333333333
spoofs and honest large orders,2,21,8,0.5740776892487063,0.9615384615384616,0.0,0.0,0.9166666666666666,0.9583333333333334,0.001050663995210927,1.0,0.9020833333333333
spoofs and honest large orders,2,21,16,0.5740776892487063,1.0,0.3,0.25,1.0,1.0,0.001050663995210927,1.0,0.7770833333333333
spoofs and honest large orders,2,22,8,1.3918053802542816,1.0,0.0,0.0,1.0,0.9583333333333334,0.0011972682736124515,1.0,0.8354166666666667
spoofs and honest large orders,2,22,16,1.3918053802542816,1.0,0.375,0.3333333333333333,1.0,1.0,0.0011972682736124515,1.0,0.6666666666666666
spoofs and honest large orders,2,23,8,5.741405389765209,0.7307692307692307,0.0,0.0,0.125,0.16666666666666666,0.0008307575776086398,1.0,0.8375
spoofs and honest large orders,2,23,16,5.741405389765209,1.0,0.3,0.0,1.0,1.0,0.0008307575776086398,1.0,0.9375
spoofs and honest large orders,2,24,8,2.1406079560043327,0.7307692307692307,0.0,0.0,0.125,0.2916666666666667,0.0009040597168094022,1.0,0.99375
spoofs and honest large orders,2,24,16,2.1406079560043327,1.0,0.3,0.0,1.0,1.0,0.0009040597168094022,1.0,0.98125
spoofs and honest large orders,2,25,8,3.2819495615602268,0.6923076923076923,0.0,0.0,0.08333333333333333,0.08333333333333333,0.0008185405544085128,1.0,0.9854166666666667
spoofs and honest large orders,2,25,16,3.2819495615602268,0.9615384615384616,0.2,0.0,0.875,0.9166666666666666,0.0008185405544085128,1.0,0.9875
spoofs and honest large orders,2,26,8,2.282288449699386,0.7307692307692307,0.0,0.0,0.16666666666666666,0.2916666666666667,0.0009040597168094022,1.0,0.96875
spoofs and honest large orders,2,26,16,2.282288449699386,1.0,0.3,0.0,1.0,1.0,0.0009040597168094022,1.0,0.9770833333333333
spoofs and honest large orders,2,27,8,1.4011936352625727,1.0,0.0,0.0,1.0,1.0,0.0012461363664129598,1.0,0.7708333333333334
spoofs and honest large orders,2,27,16,1.4011936352625727,1.0,0.375,0.4166666666666667,1.0,1.0,0.0012461363664129598,1.0,0.6083333333333333
spoofs and honest large orders,2,28,8,1.6131140603604983,0.7307692307692307,0.0,0.0,0.08333333333333333,0.25,0.0009040597168094022,1.0,0.975
spoofs and honest large orders,2,28,16,1.6131140603604983,1.0,0.3,0.0,1.0,1.0,0.0009040597168094022,1.0,0.9833333333333333
spoofs and honest large orders,2,29,8,1.295513230860272,0.7307692307692307,0.0,0.0,0.125,0.08333333333333333,0.0009162767400095293,1.0,0.94375
spoofs and honest large orders,2,29,16,1.295513230860272,0.9615384615384616,0.3,0.0,0.875,0.9166666666666666,0.0009162767400095293,1.0,0.975
spoofs and honest large orders,5,0,8,1.6136087082661534,0.7307692307692307,0.0,0.0,0.125,0.2916666666666667,0.0009773618560101646,1.0,0.9791666666666666
spoofs and honest large orders,5,0,16,1.6136087082661534,0.9615384615384616,0.3,0.0,1.0,1.0,0.0009773618560101646,1.0,0.9875
spoofs and honest large orders,5,1,8,2.7121734862886173,0.7307692307692307,0.0,0.0,0.125,0.2916666666666667,0.0009162767400095293,1.0,0.9875
spoofs and honest large orders,5,1,16,2.7121734862886173,1.0,0.3,0.0,1.0,1.0,0.0009162767400095293,1.0,0.9833333333333333
spoofs and honest large orders,5,2,8,2.8334525014407896,0.7307692307692307,0.0,0.0,0.16666666666666666,0.2916666666666667,0.0009162767400095293,1.0,0.9520833333333333
spoofs and honest large orders,5,2,16,2.8334525014407896,1.0,0.3,0.0,1.0,1.0,0.0009162767400095293,1.0,0.96875
spoofs and honest large orders,5,3,8,2.2942271794806963,0.7692307692307693,0.0,0.0,0.16666666666666666,0.375,0.0009284937632096564,1.0,0.9729166666666667
spoofs and honest large orders,5,3,16,2.2942271794806963,1.0,0.3,0.0,1.0,1.0,0.0009284937632096564,1.0,0.9666666666666667
spoofs and honest large orders,5,4,8,3.1590535466740155,0.7307692307692307,0.0,0.0,0.125,0.08333333333333333,0.0008429746008087669,1.0,0.9583333333333334
spoofs and honest large orders,5,4,16,3.1590535466740155,0.9615384615384616,0.3,0.0,1.0,1.0,0.0008429746008087669,1.0,0.98125
spoofs and honest large orders,5,5,8,1.5611030294764459,0.9615384615384616,0.0,0.0,0.9166666666666666,0.9166666666666666,0.0010140129256105458,1.0,0.9229166666666667
spoofs and honest large orders,5,5,16,1.5611030294764459,1.0,0.3,0.08333333333333333,1.0,1.0,0.0010140129256105458,1.0,0.7833333333333333
spoofs and honest large orders,5,6,8,2.06468080086551,0.8846153846153846,0.0,0.0,0.2916666666666667,0.625,0.0010262299488106729,1.0,0.975
spoofs and honest large orders,5,6,16,2.06468080086551,1.0,0.3,0.0,1.0,1.0,0.0010262299488106729,1.0,0.9458333333333333
spoofs and honest large orders,5,7,8,1.7329691860017098,0.8076923076923077,0.0,0.0,0.16666666666666666,0.375,0.0009895788792102917,1.0,0.9791666666666666
spoofs and honest large orders,5,7,16,1.7329691860017098,1.0,0.3,0.0,1.0,1.0,0.0009895788792102917,1.0,0.9666666666666667
spoofs and honest large orders,5,8,8,4.245666780558928,0.6923076923076923,0.0,0.0,0.08333333333333333,0.08333333333333333,0.0008918426936092752,1.0,0.98125
spoofs and honest large orders,5,8,16,4.245666780558928,1.0,0.3,0.0,1.0,1.0,0.0008918426936092752,1.0,0.98125
spoofs and honest large orders,5,9,8,1.7538194807125524,0.7307692307692307,0.0,0.0,0.125,0.25,0.0009773618560101646,1.0,0.975
spoofs and honest large orders,5,9,16,1.7538194807125524,0.9615384615384616,0.3,0.0,1.0,1.0,0.0009773618560101646,1.0,0.9875
spoofs and honest large orders,5,10,8,2.145254399592076,0.7307692307692307,0.0,0.0,0.08333333333333333,0.25,0.0009284937632096564,1.0,0.975
spoofs and honest large orders,5,10,16,2.145254399592076,0.9615384615384616,0.3,0.0,1.0,1.0,0.0009284937632096564,1.0,0.9854166666666667
spoofs and honest large orders,5,11,8,2.3960946902493125,0.7307692307692307,0.0,0.0,0.08333333333333333,0.25,0.0009040597168094022,1.0,0.975
spoofs and honest large orders,5,11,16,2.3960946902493125,0.9615384615384616,0.3,0.0,1.0,1.0,0.0009040597168094022,1.0,0.9854166666666667
spoofs and honest large orders,5,12,8,3.402609667554642,0.7307692307692307,0.0,0.0,0.08333333333333333,0.08333333333333333,0.0008429746008087669,1.0,0.975
spoofs and honest large orders,5,12,16,3.402609667554642,0.9615384615384616,0.3,0.0,1.0,0.9583333333333334,0.0008429746008087669,1.0,0.9875
spoofs and honest large orders,5,13,8,1.5425653356990852,1.0,0.0,0.0,1.0,0.9583333333333334,0.001282787436013341,1.0,0.8208333333333333
spoofs and honest large orders,5,13,16,1.5425653356990852,1.0,0.525,0.3333333333333333,1.0,1.0,0.001282787436013341,1.0,0.65625
spoofs and honest large orders,5,14,8,3.6265332275622404,0.7307692307692307,0.0,0.0,0.08333333333333333,0.16666666666666666,0.0008429746008087669,1.0,0.9729166666666667
spoofs and honest large orders,5,14,16,3.6265332275622404,0.9615384615384616,0.3,0.0,1.0,1.0,0.0008429746008087669,1.0,0.9833333333333333
spoofs and honest large orders,5,15,8,2.1785642938523866,0.8846153846153846,0.0,0.0,0.2916666666666667,0.625,0.0010262299488106729,1.0,0.9791666666666666
spoofs and honest large orders,5,15,16,2.1785642938523866,1.0,0.3,0.0,1.0,1.0,0.0010262299488106729,1.0,0.9416666666666667
spoofs and honest large orders,5,16,8,1.9162713335228914,0.8846153846153846,0.0,0.0,0.375,0.625,0.0011728342272121974,1.0,0.9791666666666666
spoofs and honest large orders,5,16,16,1.9162713335228914,1.0,0.375,0.0,1.0,1.0,0.0011728342272121974,1.0,0.9479166666666666
spoofs and honest large orders,5,17,8,3.4397530762441235,0.7307692307692307,0.0,0.0,0.125,0.25,0.0009529278096099105,1.0,0.9270833333333334
spoofs and honest large orders,5,17,16,3.4397530762441235,0.9615384615384616,0.3,0.0,1.0,1.0,0.0009529278096099105,1.0,0.975
spoofs and honest large orders,5,18,8,3.4549237890921694,0.7692307692307693,0.0,0.0,0.20833333333333334,0.4583333333333333,0.0009407107864097834,1.0,0.9604166666666667
spoofs and honest large orders,5,18,16,3.4549237890921694,1.0,0.3,0.0,1.0,1.0,0.0009407107864097834,1.0,0.9604166666666667
spoofs and honest large orders,5,19,8,1.8833144391614374,0.7307692307692307,0.0,0.0,0.08333333333333333,0.08333333333333333,0.0009284937632096564,1.0,0.9645833333333333
spoofs and honest large orders,5,19,16,1.8833144391614374,0.9615384615384616,0.3,0.0,1.0,0.9583333333333334,0.0009284937632096564,1.0,0.9875
spoofs and honest large orders,5,20,8,1.430888375316421,0.8846153846153846,0.0,0.0,0.2916666666666667,0.625,0.0011117491112115623,1.0,0.98125
spoofs and honest large orders,5,20,16,1.430888375316421,1.0,0.3,0.0,1.0,1.0,0.0011117491112115623,1.0,0.95
spoofs and honest large orders,5,21,8,2.9439079532612373,0.9230769230769231,0.0,0.0,0.4166666666666667,0.625,0.0009651448328100375,1.0,0.9729166666666667
spoofs and honest large orders,5,21,16,2.9439079532612373,1.0,0.3,0.0,1.0,1.0,0.0009651448328100375,1.0,0.9166666666666666
spoofs and honest large orders,5,22,8,2.501896268403157,0.7307692307692307,0.0,0.0,0.125,0.16666666666666666,0.0008796256704091481,1.0,0.8229166666666666
spoofs and honest large orders,5,22,16,2.501896268403157,0.9615384615384616,0.3,0.0,1.0,1.0,0.0008796256704091481,1.0,0.9270833333333334
spoofs and honest large orders,5,23,8,2.4492097996942137,0.7692307692307693,0.0,0.0,0.125,0.375,0.0009284937632096564,1.0,0.9916666666666667
spoofs and honest large orders,5,23,16,2.4492097996942137,1.0,0.3,0.0,1.0,1.0,0.0009284937632096564,1.0,0.9645833333333333
spoofs and honest large orders,5,24,8,2.3606527477782584,0.7307692307692307,0.0,0.0,0.08333333333333333,0.25,0.000855191624008894,1.0,0.99375
spoofs and honest large orders,5,24,16,2.3606527477782584,1.0,0.3,0.0,1.0,1.0,0.000855191624008894,1.0,0.9833333333333333
spoofs and honest large orders,5,25,8,2.7939823984127514,0.7307692307692307,0.0,0.0,0.16666666666666666,0.2916666666666667,0.0010017959024104187,1.0,0.9854166666666667
spoofs and honest large orders,5,25,16,2.7939823984127514,1.0,0.3,0.0,1.0,1.0,0.0010017959024104187,1.0,0.98125
spoofs and honest large orders,5,26,8,2.416554057602413,0.7307692307692307,0.0,0.0,0.125,0.2916666666666667,0.001050663995210927,1.0,0.9666666666666667
spoofs and honest large orders,5,26,16,2.416554057602413,0.9615384615384616,0.3,0.0,1.0,1.0,0.001050663995210927,1.0,0.9875
spoofs and honest large orders,5,27,8,3.4094695363221286,0.6923076923076923,0.0,0.0,0.08333333333333333,0.08333333333333333,0.0008185405544085128,1.0,0.9458333333333333
spoofs and honest large orders,5,27,16,3.4094695363221286,0.9615384615384616,0.2,0.0,0.8333333333333334,0.875,0.0008185405544085128,1.0,0.9791666666666666
spoofs and honest large orders,5,28,8,3.049895323843243,0.6923076923076923,0.0,0.0,0.08333333333333333,0.08333333333333333,0.0008185405544085128,1.0,0.975
spoofs and honest large orders,5,28,16,3.049895323843243,0.9230769230769231,0.2,0.0,0.75,0.75,0.0008185405544085128,1.0,0.9875
spoofs and honest large orders,5,29,8,2.1547424187397795,0.8461538461538461,0.0,0.0,0.2916666666666667,0.5416666666666666,0.0009895788792102917,1.0,0.9729166666666667
spoofs and honest large orders,5,29,16,2.1547424187397795,1.0,0.3,0.0,1.0,1.0,0.0009895788792102917,1.0,0.9541666666666667
spoofs and honest large orders,10,0,8,2.1103921663808505,0.7307692307692307,0.0,0.0,0.125,0.25,0.0009407107864097834,1.0,0.9729166666666667
spoofs and honest large orders,10,0,16,2.1103921663808505,0.9615384615384616,0.3,0.0,1.0,1.0,0.0009407107864097834,1.0,0.9833333333333333
spoofs and honest large orders,10,1,8,2.5110125544099997,0.8846153846153846,0.0,0.0,0.2916666666666667,0.625,0.0009773618560101646,1.0,0.9666666666666667
spoofs and honest large orders,10,1,16,2.5110125544099997,1.0,0.3,0.0,1.0,1.0,0.0009773618560101646,1.0,0.9416666666666667
spoofs and honest large orders,10,2,8,2.4871196209747244,0.8846153846153846,0.0,0.0,0.2916666666666667,0.5833333333333334,0.0009773618560101646,1.0,0.9645833333333333
spoofs and honest large orders,10,2,16,2.4871196209747244,1.0,0.3,0.0,1.0,1.0,0.0009773618560101646,1.0,0.9145833333333333
spoofs and honest large orders,10,3,8,2.7426143979125404,0.7692307692307693,0.0,0.0,0.16666666666666666,0.375,0.0009284937632096564,1.0,0.9479166666666666
spoofs and honest large orders,10,3,16,2.7426143979125404,1.0,0.3,0.0,1.0,1.0,0.0009284937632096564,1.0,0.9583333333333334
spoofs and honest large orders,10,4,8,2.434407262036011,0.8076923076923077,0.0,0.0,0.16666666666666666,0.375,0.001075098041611181,1.0,0.98125
spoofs and honest large orders,10,4,16,2.434407262036011,1.0,0.3,0.0,1.0,1.0,0.001075098041611181,1.0,0.98125
spoofs and honest large orders,10,5,8,1.8943348489531582,0.7307692307692307,0.0,0.0,0.125,0.2916666666666667,0.0009895788792102917,1.0,0.975
spoofs and honest large orders,10,5,16,1.8943348489531582,0.9615384615384616,0.3,0.0,1.0,1.0,0.0009895788792102917,1.0,0.9875
spoofs and honest large orders,10,6,8,3.1115325312413695,0.7307692307692307,0.0,0.0,0.125,0.25,0.0008918426936092752,1.0,0.98125
spoofs and honest large orders,10,6,16,3.1115325312413695,1.0,0.3,0.0,1.0,1.0,0.0008918426936092752,1.0,0.9770833333333333
spoofs and honest large orders,10,7,8,3.2889379761063973,0.7307692307692307,0.0,0.0,0.125,0.25,0.0008796256704091481,1.0,0.9729166666666667
spoofs and honest large orders,10,7,16,3.2889379761063973,1.0,0.3,0.0,1.0,1.0,0.0008796256704091481,1.0,0.9833333333333333
spoofs and honest large orders,10,8,8,2.4306663258194474,0.7307692307692307,0.0,0.0,0.125,0.25,0.000867408647209021,1.0,0.975
spoofs and honest large orders,10,8,16,2.4306663258194474,1.0,0.3,0.0,1.0,1.0,0.000867408647209021,1.0,0.9833333333333333
spoofs and honest large orders,10,9,8,2.7853758881316915,0.7307692307692307,0.0,0.0,0.125,0.25,0.0008429746008087669,1.0,0.8979166666666667
spoofs and honest large orders,10,9,16,2.7853758881316915,1.0,0.3,0.0,1.0,1.0,0.0008429746008087669,1.0,0.9604166666666667
spoofs and honest large orders,10,10,8,2.4402772964684294,0.7307692307692307,0.0,0.0,0.16666666666666666,0.2916666666666667,0.000867408647209021,1.0,0.9791666666666666
spoofs and honest large orders,10,10,16,2.4402772964684294,1.0,0.3,0.0,1.0,1.0,0.000867408647209021,1.0,0.9791666666666666
spoofs and honest large orders,10,11,8,2.519400019806795,0.7307692307692307,0.0,0.0,0.125,0.25,0.0008429746008087669,1.0,0.9583333333333334
spoofs and honest large orders,10,11,16,2.519400019806795,0.9615384615384616,0.3,0.0,1.0,1.0,0.0008429746008087669,1.0,0.9791666666666666
spoofs and honest large orders,10,12,8,2.5052613394632726,0.7307692307692307,0.0,0.0,0.16666666666666666,0.2916666666666667,0.0009407107864097834,1.0,0.9854166666666667
spoofs and honest large orders,10,12,16,2.5052613394632726,1.0,0.3,0.0,1.0,1.0,0.0009407107864097834,1.0,0.98125
spoofs and honest large orders,10,13,8,2.0169620300020306,0.8846153846153846,0.0,0.0,0.2916666666666667,0.625,0.0010017959024104187,1.0,0.9791666666666666
spoofs and honest large orders,10,13,16,2.0169620300020306,1.0,0.3,0.0,1.0,1.0,0.0010017959024104187,1.0,0.94375
spoofs and honest large orders,10,14,8,3.115896219662866,0.7307692307692307,0.0,0.0,0.16666666666666666,0.2916666666666667,0.0009040597168094022,1.0,0.94375
spoofs and honest large orders,10,14,16,3.115896219662866,1.0,0.3,0.0,1.0,1.0,0.0009040597168094022,1.0,0.9604166666666667
spoofs and honest large orders,10,15,8,2.370267391469999,0.7307692307692307,0.0,0.0,0.08333333333333333,0.25,0.0008429746008087669,1.0,0.975
spoofs and honest large orders,10,15,16,2.370267391469999,1.0,0.3,0.0,1.0,1.0,0.0008429746008087669,1.0,0.9833333333333333
spoofs and honest large orders,10,16,8,2.7378336997256034,0.7307692307692307,0.0,0.0,0.125,0.25,0.0008796256704091481,1.0,0.9375
spoofs and honest large orders,10,16,16,2.7378336997256034,0.9615384615384616,0.3,0.0,1.0,1.0,0.0008796256704091481,1.0,0.9708333333333333
spoofs and honest large orders,10,17,8,1.8132127871590784,0.7307692307692307,0.0,0.0,0.125,0.25,0.0009529278096099105,1.0,0.975
spoofs and honest large orders,10,17,16,1.8132127871590784,0.9615384615384616,0.3,0.0,1.0,1.0,0.0009529278096099105,1.0,0.9875
spoofs and honest large orders,10,18,8,2.416214556943143,0.7307692307692307,0.0,0.0,0.125,0.25,0.0009040597168094022,1.0,0.9541666666666667
spoofs and honest large orders,10,18,16,2.416214556943143,1.0,0.3,0.0,1.0,1.0,0.0009040597168094022,1.0,0.975
spoofs and honest large orders,10,19,8,2.656766224132938,0.7307692307692307,0.0,0.0,0.16666666666666666,0.2916666666666667,0.000867408647209021,1.0,0.96875
spoofs and honest large orders,10,19,16,2.656766224132938,1.0,0.3,0.0,1.0,1.0,0.000867408647209021,1.0,0.9770833333333333
spoofs and honest large orders,10,20,8,1.9601333341386908,0.8076923076923077,0.0,0.0,0.16666666666666666,0.375,0.0010995320880114352,1.0,0.975
spoofs and honest large orders,10,20,16,1.9601333341386908,1.0,0.3,0.0,1.0,1.0,0.0010995320880114352,1.0,0.98125
spoofs and honest large orders,10,21,8,2.741627493731509,0.8461538461538461,0.0,0.0,0.25,0.5,0.0009773618560101646,1.0,0.9708333333333333
spoofs and honest large orders,10,21,16,2.741627493731509,1.0,0.3,0.0,1.0,1.0,0.0009773618560101646,1.0,0.95
spoofs and honest large orders,10,22,8,2.344972161798439,0.8846153846153846,0.0,0.0,0.2916666666666667,0.625,0.0010384469720108,1.0,0.9791666666666666
spoofs and honest large orders,10,22,16,2.344972161798439,1.0,0.3,0.0,1.0,1.0,0.0010384469720108,1.0,0.9416666666666667
spoofs and honest large orders,10,23,8,2.4558882502981665,0.8076923076923077,0.0,0.0,0.20833333333333334,0.4583333333333333,0.0009284937632096564,1.0,0.9729166666666667
spoofs and honest large orders,10,23,16,2.4558882502981665,1.0,0.3,0.0,1.0,1.0,0.0009284937632096564,1.0,0.9604166666666667
spoofs and honest large orders,10,24,8,2.490201666719993,0.8076923076923077,0.0,0.0,0.16666666666666666,0.375,0.001050663995210927,1.0,0.9833333333333333
spoofs and honest large orders,10,24,16,2.490201666719993,1.0,0.3,0.0,1.0,1.0,0.001050663995210927,1.0,0.98125
spoofs and honest large orders,10,25,8,3.449967572782323,0.7307692307692307,0.0,0.0,0.08333333333333333,0.08333333333333333,0.0008185405544085128,1.0,0.975
spoofs and honest large orders,10,25,16,3.449967572782323,0.9615384615384616,0.3,0.0,1.0,1.0,0.0008185405544085128,1.0,0.9833333333333333
spoofs and honest large orders,10,26,8,2.3095659661211716,0.7307692307692307,0.0,0.0,0.125,0.25,0.0008429746008087669,1.0,0.9729166666666667
spoofs and honest large orders,10,26,16,2.3095659661211716,1.0,0.3,0.0,1.0,1.0,0.0008429746008087669,1.0,0.9833333333333333
spoofs and honest large orders,10,27,8,3.3537923042700113,0.7307692307692307,0.0,0.0,0.16666666666666666,0.2916666666666667,0.000867408647209021,1.0,0.975
spoofs and honest large orders,10,27,16,3.3537923042700113,1.0,0.3,0.0,1.0,1.0,0.000867408647209021,1.0,0.98125
spoofs and honest large orders,10,28,8,1.8524467465218013,0.7307692307692307,0.0,0.0,0.08333333333333333,0.25,0.0009284937632096564,1.0,0.975
spoofs and honest large orders,10,28,16,1.8524467465218013,0.9615384615384616,0.3,0.0,1.0,1.0,0.0009284937632096564,1.0,0.9854166666666667
spoofs and honest large orders,10,29,8,1.702082814708632,0.8846153846153846,0.0,0.0,0.2916666666666667,0.625,0.0010017959024104187,1.0,0.9791666666666666
spoofs and honest large orders,10,29,16,1.702082814708632,1.0,0.3,0.0,1.0,1.0,0.0010017959024104187,1.0,0.9416666666666667
spoofs and honest large orders,20,0,8,2.391905483077611,0.7307692307692307,0.0,0.0,0.16666666666666666,0.2916666666666667,0.0009284937632096564,1.0,0.975
spoofs and honest large orders,20,0,16,2.391905483077611,1.0,0.3,0.0,1.0,1.0,0.0009284937632096564,1.0,0.98125
spoofs and honest large orders,20,1,8,2.630224861160075,0.7307692307692307,0.0,0.0,0.16666666666666666,0.2916666666666667,0.0008918426936092752,1.0,0.975
spoofs and honest large orders,20,1,16,2.630224861160075,1.0,0.3,0.0,1.0,1.0,0.0008918426936092752,1.0,0.9833333333333333
spoofs and honest large orders,20,2,8,2.5483470629852194,0.7307692307692307,0.0,0.0,0.16666666666666666,0.2916666666666667,0.0008918426936092752,1.0,0.9791666666666666
spoofs and honest large orders,20,2,16,2.5483470629852194,1.0,0.3,0.0,1.0,1.0,0.0008918426936092752,1.0,0.98125
spoofs and honest large orders,20,3,8,2.692098231865221,0.7307692307692307,0.0,0.0,0.16666666666666666,0.2916666666666667,0.000867408647209021,1.0,0.9729166666666667
spoofs and honest large orders,20,3,16,2.692098231865221,1.0,0.3,0.0,1.0,1.0,0.000867408647209021,1.0,0.98125
spoofs and honest large orders,20,4,8,3.1438109180459666,0.7307692307692307,0.0,0.0,0.16666666666666666,0.2916666666666667,0.000855191624008894,1.0,0.9729166666666667
spoofs and honest large orders,20,4,16,3.1438109180459666,1.0,0.3,0.0,1.0,1.0,0.000855191624008894,1.0,0.98125
spoofs and honest large orders,20,5,8,2.909007369213967,0.7307692307692307,0.0,0.0,0.08333333333333333,0.25,0.000867408647209021,1.0,0.9770833333333333
spoofs and honest large orders,20,5,16,2.909007369213967,1.0,0.3,0.0,1.0,1.0,0.000867408647209021,1.0,0.98125
spoofs and honest large orders,20,6,8,2.3729386977874496,0.7307692307692307,0.0,0.0,0.08333333333333333,0.25,0.0008429746008087669,1.0,0.9791666666666666
spoofs and honest large orders,20,6,16,2.3729386977874496,0.9615384615384616,0.3,0.0,1.0,1.0,0.0008429746008087669,1.0,0.9833333333333333
spoofs and honest large orders,20,7,8,2.2306933066494254,0.7307692307692307,0.0,0.0,0.08333333333333333,0.25,0.000867408647209021,1.0,0.9854166666666667
spoofs and honest large orders,20,7,16,2.2306933066494254,1.0,0.3,0.0,1.0,1.0,0.000867408647209021,1.0,0.9833333333333333
spoofs and honest large orders,20,8,8,2.4151736341537657,0.7307692307692307,0.0,0.0,0.16666666666666666,0.2916666666666667,0.0009529278096099105,1.0,0.975
spoofs and honest large orders,20,8,16,2.4151736341537657,1.0,0.3,0.0,1.0,1.0,0.0009529278096099105,1.0,0.9833333333333333
spoofs and honest large orders,20,9,8,2.790379383574865,0.7307692307692307,0.0,0.0,0.16666666666666666,0.2916666666666667,0.000855191624008894,1.0,0.975
spoofs and honest large orders,20,9,16,2.790379383574865,1.0,0.3,0.0,1.0,1.0,0.000855191624008894,1.0,0.98125
spoofs and honest large orders,20,10,8,2.5129078447956665,0.7307692307692307,0.0,0.0,0.16666666666666666,0.2916666666666667,0.000855191624008894,1.0,0.975
spoofs and honest large orders,20,10,16,2.5129078447956665,1.0,0.3,0.0,1.0,1.0,0.000855191624008894,1.0,0.98125
spoofs and honest large orders,20,11,8,2.4977327814432533,0.7307692307692307,0.0,0.0,0.16666666666666666,0.2916666666666667,0.0008796256704091481,1.0,0.96875
spoofs and honest large orders,20,11,16,2.4977327814432533,1.0,0.3,0.0,1.0,1.0,0.0008796256704091481,1.0,0.9791666666666666
spoofs and honest large orders,20,12,8,2.632481591641354,0.7307692307692307,0.0,0.0,0.16666666666666666,0.2916666666666667,0.0009162767400095293,1.0,0.9791666666666666
spoofs and honest large orders,20,12,16,2.632481591641354,1.0,0.3,0.0,1.0,1.0,0.0009162767400095293,1.0,0.9833333333333333
spoofs and honest large orders,20,13,8,2.5068764015011227,0.7307692307692307,0.0,0.0,0.125,0.2916666666666667,0.0009162767400095293,1.0,0.975
spoofs and honest large orders,20,13,16,2.5068764015011227,1.0,0.3,0.0,1.0,1.0,0.0009162767400095293,1.0,0.9833333333333333
spoofs and honest large orders,20,14,8,2.4754718954509203,0.7692307692307693,0.0,0.0,0.16666666666666666,0.375,0.0009773618560101646,1.0,0.9791666666666666
spoofs and honest large orders,20,14,16,2.4754718954509203,1.0,0.3,0.0,1.0,1.0,0.0009773618560101646,1.0,0.98125
spoofs and honest large orders,20,15,8,2.323117692849871,0.7692307692307693,0.0,0.0,0.16666666666666666,0.375,0.0008918426936092752,1.0,0.98125
spoofs and honest large orders,20,15,16,2.323117692849871,1.0,0.3,0.0,1.0,1.0,0.0008918426936092752,1.0,0.9666666666666667
spoofs and honest large orders,20,16,8,2.558892239230396,0.7692307692307693,0.0,0.0,0.16666666666666666,0.375,0.0009040597168094022,1.0,0.9729166666666667
spoofs and honest large orders,20,16,16,2.558892239230396,1.0,0.3,0.0,1.0,1.0,0.0009040597168094022,1.0,0.9666666666666667
spoofs and honest large orders,20,17,8,2.716098283381702,0.7307692307692307,0.0,0.0,0.125,0.25,0.000867408647209021,1.0,0.975
spoofs and honest large orders,20,17,16,2.716098283381702,1.0,0.3,0.0,1.0,1.0,0.000867408647209021,1.0,0.9833333333333333
spoofs and honest large orders,20,18,8,2.55915652662362,0.7307692307692307,0.0,0.0,0.16666666666666666,0.2916666666666667,0.0008796256704091481,1.0,0.96875
spoofs and honest large orders,20,18,16,2.55915652662362,1.0,0.3,0.0,1.0,1.0,0.0008796256704091481,1.0,0.9791666666666666
spoofs and honest large orders,20,19,8,2.6143496595062494,0.7692307692307693,0.0,0.0,0.16666666666666666,0.375,0.0008918426936092752,1.0,0.9729166666666667
spoofs and honest large orders,20,19,16,2.6143496595062494,1.0,0.3,0.0,1.0,1.0,0.0008918426936092752,1.0,0.9666666666666667
spoofs and honest large orders,20,20,8,2.546614118039167,0.7307692307692307,0.0,0.0,0.125,0.2916666666666667,0.0008918426936092752,1.0,0.9791666666666666
spoofs and honest large orders,20,20,16,2.546614118039167,1.0,0.3,0.0,1.0,1.0,0.0008918426936092752,1.0,0.9833333333333333
spoofs and honest large orders,20,21,8,2.6070224263455057,0.7307692307692307,0.0,0.0,0.125,0.2916666666666667,0.0008918426936092752,1.0,0.9854166666666667
spoofs and honest large orders,20,21,16,2.6070224263455057,1.0,0.3,0.0,1.0,1.0,0.0008918426936092752,1.0,0.98125
spoofs and honest large orders,20,22,8,2.315719167308434,0.7307692307692307,0.0,0.0,0.08333333333333333,0.25,0.0009040597168094022,1.0,0.9791666666666666
spoofs and honest large orders,20,22,16,2.315719167308434,1.0,0.3,0.0,1.0,1.0,0.0009040597168094022,1.0,0.9833333333333333
spoofs and honest large orders,20,23,8,2.270035749330386,0.7307692307692307,0.0,0.0,0.16666666666666666,0.2916666666666667,0.0009162767400095293,1.0,0.9791666666666666
spoofs and honest large orders,20,23,16,2.270035749330386,1.0,0.3,0.0,1.0,1.0,0.0009162767400095293,1.0,0.9833333333333333
spoofs and honest large orders,20,24,8,2.6704499218061697,0.7307692307692307,0.0,0.0,0.16666666666666666,0.2916666666666667,0.000867408647209021,1.0,0.975
spoofs and honest large orders,20,24,16,2.6704499218061697,1.0,0.3,0.0,1.0,1.0,0.000867408647209021,1.0,0.98125
spoofs and honest large orders,20,25,8,2.134899184458993,0.7307692307692307,0.0,0.0,0.16666666666666666,0.2916666666666667,0.000867408647209021,1.0,0.9791666666666666
spoofs and honest large orders,20,25,16,2.134899184458993,1.0,0.3,0.0,1.0,1.0,0.000867408647209021,1.0,0.98125
spoofs and honest large orders,20,26,8,2.364855626194533,0.7307692307692307,0.0,0.0,0.16666666666666666,0.2916666666666667,0.0009651448328100375,1.0,0.9791666666666666
spoofs and honest large orders,20,26,16,2.364855626194533,1.0,0.3,0.0,1.0,1.0,0.0009651448328100375,1.0,0.9833333333333333
spoofs and honest large orders,20,27,8,2.6836827258112383,0.7307692307692307,0.0,0.0,0.16666666666666666,0.2916666666666667,0.0009284937632096564,1.0,0.9791666666666666
spoofs and honest large orders,20,27,16,2.6836827258112383,1.0,0.3,0.0,1.0,1.0,0.0009284937632096564,1.0,0.98125
spoofs and honest large orders,20,28,8,2.3223725065909253,0.7307692307692307,0.0,0.0,0.16666666666666666,0.2916666666666667,0.0009529278096099105,1.0,0.9833333333333333
spoofs and honest large orders,20,28,16,2.3223725065909253,1.0,0.3,0.0,1.0,1.0,0.0009529278096099105,1.0,0.98125
spoofs and honest large orders,20,29,8,2.7824997073307163,0.7307692307692307,0.0,0.0,0.16666666666666666,0.2916666666666667,0.0008796256704091481,1.0,0.9708333333333333
spoofs and honest large orders,20,29,16,2.7824997073307163,1.0,0.3,0.0,1.0,1.0,0.0008796256704091481,1.0,0.98125
spoofs and honest large orders,40,0,8,2.4748237879706805,0.7307692307692307,0.0,0.0,0.16666666666666666,0.2916666666666667,0.0008918426936092752,1.0,0.9791666666666666
spoofs and honest large orders,40,0,16,2.4748237879706805,1.0,0.3,0.0,1.0,1.0,0.0008918426936092752,1.0,0.98125
spoofs and honest large orders,40,1,8,2.4943670536061546,0.7307692307692307,0.0,0.0,0.16666666666666666,0.2916666666666667,0.0008796256704091481,1.0,0.9729166666666667
spoofs and honest large orders,40,1,16,2.4943670536061546,1.0,0.3,0.0,1.0,1.0,0.0008796256704091481,1.0,0.9791666666666666
spoofs and honest large orders,40,2,8,2.5894311784260715,0.7307692307692307,0.0,0.0,0.16666666666666666,0.2916666666666667,0.000867408647209021,1.0,0.9729166666666667
spoofs and honest large orders,40,2,16,2.5894311784260715,1.0,0.3,0.0,1.0,1.0,0.000867408647209021,1.0,0.9791666666666666
spoofs and honest large orders,40,3,8,2.6326106296077016,0.7307692307692307,0.0,0.0,0.16666666666666666,0.2916666666666667,0.0008796256704091481,1.0,0.9729166666666667
spoofs and honest large orders,40,3,16,2.6326106296077016,1.0,0.3,0.0,1.0,1.0,0.0008796256704091481,1.0,0.98125
spoofs and honest large orders,40,4,8,2.3505909514563683,0.7307692307692307,0.0,0.0,0.125,0.2916666666666667,0.000867408647209021,1.0,0.9791666666666666
spoofs and honest large orders,40,4,16,2.3505909514563683,1.0,0.3,0.0,1.0,1.0,0.000867408647209021,1.0,0.9833333333333333
spoofs and honest large orders,40,5,8,2.625085071150821,0.7307692307692307,0.0,0.0,0.16666666666666666,0.2916666666666667,0.0008796256704091481,1.0,0.9729166666666667
spoofs and honest large orders,40,5,16,2.625085071150821,1.0,0.3,0.0,1.0,1.0,0.0008796256704091481,1.0,0.9791666666666666
spoofs and honest large orders,40,6,8,2.420309852811502,0.7307692307692307,0.0,0.0,0.16666666666666666,0.2916666666666667,0.000867408647209021,1.0,0.975
spoofs and honest large orders,40,6,16,2.420309852811502,1.0,0.3,0.0,1.0,1.0,0.000867408647209021,1.0,0.98125
spoofs and honest large orders,40,7,8,2.4759605162210416,0.7307692307692307,0.0,0.0,0.16666666666666666,0.2916666666666667,0.0008796256704091481,1.0,0.96875
spoofs and honest large orders,40,7,16,2.4759605162210416,1.0,0.3,0.0,1.0,1.0,0.0008796256704091481,1.0,0.98125
spoofs and honest large orders,40,8,8,2.6671335985521436,0.7307692307692307,0.0,0.0,0.16666666666666666,0.2916666666666667,0.0008796256704091481,1.0,0.9729166666666667
spoofs and honest large orders,40,8,16,2.6671335985521436,1.0,0.3,0.0,1.0,1.0,0.0008796256704091481,1.0,0.98125
spoofs and honest large orders,40,9,8,2.6331781284442606,0.7307692307692307,0.0,0.0,0.16666666666666666,0.2916666666666667,0.0008796256704091481,1.0,0.96875
spoofs and honest large orders,40,9,16,2.6331781284442606,1.0,0.3,0.0,1.0,1.0,0.0008796256704091481,1.0,0.98125
spoofs and honest large orders,40,10,8,2.387122443323622,0.7307692307692307,0.0,0.0,0.16666666666666666,0.2916666666666667,0.000855191624008894,1.0,0.975
spoofs and honest large orders,40,10,16,2.387122443323622,1.0,0.3,0.0,1.0,1.0,0.000855191624008894,1.0,0.98125
spoofs and honest large orders,40,11,8,2.245776551981133,0.7307692307692307,0.0,0.0,0.16666666666666666,0.2916666666666667,0.0009162767400095293,1.0,0.975
spoofs and honest large orders,40,11,16,2.245776551981133,1.0,0.3,0.0,1.0,1.0,0.0009162767400095293,1.0,0.9833333333333333
spoofs and honest large orders,40,12,8,2.551204428350096,0.7307692307692307,0.0,0.0,0.16666666666666666,0.2916666666666667,0.0008796256704091481,1.0,0.96875
spoofs and honest large orders,40,12,16,2.551204428350096,1.0,0.3,0.0,1.0,1.0,0.0008796256704091481,1.0,0.9791666666666666
spoofs and honest large orders,40,13,8,2.2151944452437617,0.7307692307692307,0.0,0.0,0.16666666666666666,0.2916666666666667,0.0009162767400095293,1.0,0.975
spoofs and honest large orders,40,13,16,2.2151944452437617,1.0,0.3,0.0,1.0,1.0,0.0009162767400095293,1.0,0.9833333333333333
spoofs and honest large orders,40,14,8,2.4272065010168493,0.7307692307692307,0.0,0.0,0.16666666666666666,0.2916666666666667,0.000855191624008894,1.0,0.96875
spoofs and honest large orders,40,14,16,2.4272065010168493,1.0,0.3,0.0,1.0,1.0,0.000855191624008894,1.0,0.98125
spoofs and honest large orders,40,15,8,2.6289357286172867,0.7307692307692307,0.0,0.0,0.16666666666666666,0.2916666666666667,0.0008796256704091481,1.0,0.9729166666666667
spoofs and honest large orders,40,15,16,2.6289357286172867,1.0,0.3,0.0,1.0,1.0,0.0008796256704091481,1.0,0.9791666666666666
spoofs and honest large orders,40,16,8,2.5734753664194256,0.7307692307692307,0.0,0.0,0.16666666666666666,0.2916666666666667,0.000855191624008894,1.0,0.9770833333333333
spoofs and honest large orders,40,16,16,2.5734753664194256,1.0,0.3,0.0,1.0,1.0,0.000855191624008894,1.0,0.98125
spoofs and honest large orders,40,17,8,2.5685810030229907,0.7307692307692307,0.0,0.0,0.16666666666666666,0.2916666666666667,0.0008796256704091481,1.0,0.96875
spoofs and honest large orders,40,17,16,2.5685810030229907,1.0,0.3,0.0,1.0,1.0,0.0008796256704091481,1.0,0.98125
spoofs and honest large orders,40,18,8,2.2125121155883063,0.7307692307692307,0.0,0.0,0.125,0.2916666666666667,0.0009162767400095293,1.0,0.975
spoofs and honest large orders,40,18,16,2.2125121155883063,1.0,0.3,0.0,1.0,1.0,0.0009162767400095293,1.0,0.9833333333333333
spoofs and honest large orders,40,19,8,2.651184622849591,0.7307692307692307,0.0,0.0,0.16666666666666666,0.2916666666666667,0.0008796256704091481,1.0,0.9729166666666667
spoofs and honest large orders,40,19,16,2.651184622849591,1.0,0.3,0.0,1.0,1.0,0.0008796256704091481,1.0,0.98125
spoofs and honest large orders,40,20,8,2.5388592637604,0.7307692307692307,0.0,0.0,0.16666666666666666,0.2916666666666667,0.0008918426936092752,1.0,0.9791666666666666
spoofs and honest large orders,40,20,16,2.5388592637604,1.0,0.3,0.0,1.0,1.0,0.0008918426936092752,1.0,0.98125
spoofs and honest large orders,40,21,8,2.617314104771565,0.7307692307692307,0.0,0.0,0.16666666666666666,0.2916666666666667,0.000855191624008894,1.0,0.9770833333333333
spoofs and honest large orders,40,21,16,2.617314104771565,1.0,0.3,0.0,1.0,1.0,0.000855191624008894,1.0,0.98125
spoofs and honest large orders,40,22,8,2.4957132319571755,0.7307692307692307,0.0,0.0,0.16666666666666666,0.2916666666666667,0.0008796256704091481,1.0,0.96875
spoofs and honest large orders,40,22,16,2.4957132319571755,1.0,0.3,0.0,1.0,1.0,0.0008796256704091481,1.0,0.98125
spoofs and honest large orders,40,23,8,2.531325494861659,0.7307692307692307,0.0,0.0,0.16666666666666666,0.2916666666666667,0.0008796256704091481,1.0,0.9729166666666667
spoofs and honest large orders,40,23,16,2.531325494861659,1.0,0.3,0.0,1.0,1.0,0.0008796256704091481,1.0,0.98125
spoofs and honest large orders,40,24,8,2.670638172203942,0.7307692307692307,0.0,0.0,0.16666666666666666,0.2916666666666667,0.0008796256704091481,1.0,0.96875
spoofs and honest large orders,40,24,16,2.670638172203942,1.0,0.3,0.0,1.0,1.0,0.0008796256704091481,1.0,0.98125
spoofs and honest large orders,40,25,8,2.5479142818370866,0.7307692307692307,0.0,0.0,0.16666666666666666,0.2916666666666667,0.0008796256704091481,1.0,0.96875
spoofs and honest large orders,40,25,16,2.5479142818370866,1.0,0.3,0.0,1.0,1.0,0.0008796256704091481,1.0,0.98125
spoofs and honest large orders,40,26,8,2.4923491580318498,0.7307692307692307,0.0,0.0,0.16666666666666666,0.2916666666666667,0.000855191624008894,1.0,0.9770833333333333
spoofs and honest large orders,40,26,16,2.4923491580318498,1.0,0.3,0.0,1.0,1.0,0.000855191624008894,1.0,0.98125
spoofs and honest large orders,40,27,8,2.607778806518259,0.7307692307692307,0.0,0.0,0.16666666666666666,0.2916666666666667,0.0008796256704091481,1.0,0.96875
spoofs and honest large orders,40,27,16,2.607778806518259,1.0,0.3,0.0,1.0,1.0,0.0008796256704091481,1.0,0.98125
spoofs and honest large orders,40,28,8,2.620880726043141,0.7307692307692307,0.0,0.0,0.16666666666666666,0.2916666666666667,0.0008796256704091481,1.0,0.9729166666666667
spoofs and honest large orders,40,28,16,2.620880726043141,1.0,0.3,0.0,1.0,1.0,0.0008796256704091481,1.0,0.9791666666666666
spoofs and honest large orders,40,29,8,2.5904617681496793,0.7307692307692307,0.0,0.0,0.16666666666666666,0.2916666666666667,0.0008796256704091481,1.0,0.9708333333333333
spoofs and honest large orders,40,29,16,2.5904617681496793,1.0,0.3,0.0,1.0,1.0,0.0008796256704091481,1.0,0.98125
