a,b,test,size_mult,n,rate_a,rate_b,difference,ci_low,ci_high,p_value
Principle (accounts),Rule,spoof_calm,4,80,0.0,0.075,-0.075,-0.1375,-0.025,0.004
Principle (accounts),Rule,spoof_calm,8,80,0.8125,1.0,-0.1875,-0.275,-0.11218749999999887,0.0
Principle (accounts),Rule,spoof_calm,16,80,0.925,1.0,-0.075,-0.1375,-0.025,0.003
Principle (accounts),Rule,layer_calm,4,60,0.0,0.1,-0.1,-0.18333333333333332,-0.03333333333333333,0.003
Principle (accounts),Rule,layer_calm,8,60,0.85,0.06666666666666667,0.7833333333333333,0.6833333333333333,0.8833333333333333,0.0
Principle (accounts),Rule,layer_calm,16,60,0.85,0.08333333333333333,0.7666666666666667,0.65,0.8666666666666667,0.0
Principle (accounts),Rule,control_calm,4,30,0.0,0.03333333333333333,-0.03333333333333333,-0.1,0.0,0.701
Principle (accounts),Rule,control_calm,8,30,0.0,0.06666666666666667,-0.06666666666666667,-0.16666666666666666,0.0,0.254
Principle (accounts),Rule,control_calm,16,30,0.0,0.0,0.0,0.0,0.0,1.0
Principle (accounts),PCA (informed),spoof_calm,4,80,0.0,0.0875,-0.0875,-0.15,-0.025,0.0005
Principle (accounts),PCA (informed),spoof_calm,8,80,0.8125,0.375,0.4375,0.3125,0.5625,0.0
Principle (accounts),PCA (informed),spoof_calm,16,80,0.925,0.975,-0.05,-0.125,0.0125,0.1965
Principle (accounts),PCA (informed),layer_calm,4,60,0.0,0.1,-0.1,-0.18333333333333332,-0.03333333333333333,0.0055
Principle (accounts),PCA (informed),layer_calm,8,60,0.85,0.11666666666666667,0.7333333333333333,0.6,0.85,0.0
Principle (accounts),PCA (informed),layer_calm,16,60,0.85,0.08333333333333333,0.7666666666666667,0.65,0.8666666666666667,0.0
Principle (accounts),PCA (informed),control_calm,4,30,0.0,0.1,-0.1,-0.23333333333333334,0.0,0.075
Principle (accounts),PCA (informed),control_calm,8,30,0.0,0.23333333333333334,-0.23333333333333334,-0.4,-0.1,0.002
Principle (accounts),PCA (informed),control_calm,16,30,0.0,0.9,-0.9,-1.0,-0.8,0.0
Principle (accounts),IForest (generic),spoof_calm,4,80,0.0,0.075,-0.075,-0.1375,-0.025,0.004
Principle (accounts),IForest (generic),spoof_calm,8,80,0.8125,0.1,0.7125,0.6,0.8125,0.0
Principle (accounts),IForest (generic),spoof_calm,16,80,0.925,0.125,0.8,0.7,0.8875,0.0
Principle (accounts),IForest (generic),layer_calm,4,60,0.0,0.0,0.0,0.0,0.0,1.0
Principle (accounts),IForest (generic),layer_calm,8,60,0.85,0.06666666666666667,0.7833333333333333,0.6833333333333333,0.8833333333333333,0.0
Principle (accounts),IForest (generic),layer_calm,16,60,0.85,0.23333333333333334,0.6166666666666667,0.4666666666666667,0.75,0.0
Principle (accounts),IForest (generic),control_calm,4,30,0.0,0.06666666666666667,-0.06666666666666667,-0.16666666666666666,0.0,0.251
Principle (accounts),IForest (generic),control_calm,8,30,0.0,0.06666666666666667,-0.06666666666666667,-0.16666666666666666,0.0,0.254
Principle (accounts),IForest (generic),control_calm,16,30,0.0,0.23333333333333334,-0.23333333333333334,-0.4,-0.1,0.0005
Principle (accounts),LSTM-AE (generic),spoof_calm,4,80,0.0,0.0125,-0.0125,-0.0375,0.0,0.729
Principle (accounts),LSTM-AE (generic),spoof_calm,8,80,0.8125,0.0625,0.75,0.65,0.8375,0.0
Principle (accounts),LSTM-AE (generic),spoof_calm,16,80,0.925,0.0875,0.8375,0.7375,0.925,0.0
Principle (accounts),LSTM-AE (generic),layer_calm,4,60,0.0,0.016666666666666666,-0.016666666666666666,-0.05,0.0,0.708
Principle (accounts),LSTM-AE (generic),layer_calm,8,60,0.85,0.05,0.8,0.7,0.9,0.0
Principle (accounts),LSTM-AE (generic),layer_calm,16,60,0.85,0.16666666666666666,0.6833333333333333,0.55,0.8,0.0
Principle (accounts),LSTM-AE (generic),control_calm,4,30,0.0,0.03333333333333333,-0.03333333333333333,-0.1,0.0,0.7285
Principle (accounts),LSTM-AE (generic),control_calm,8,30,0.0,0.1,-0.1,-0.23333333333333334,0.0,0.077
Principle (accounts),LSTM-AE (generic),control_calm,16,30,0.0,0.5,-0.5,-0.6666666666666666,-0.3333333333333333,0.0
